15/08/18 05:00,VFL Rome  -  VFL Bern,3:0,5:1
15/08/18 05:00,VFL Brussels  -  VFL Berlin,0:3,1:3
15/08/18 05:00,VFL Paris  -  VFL London,0:1,1:3
15/08/18 05:00,VFL Edinburgh  -  VFL Amsterdam,2:1,2:3
15/08/18 05:00,VFL Lisbon  -  VFL Copenhagen,0:0,0:0
15/08/18 05:00,VFL Stockholm  -  VFL Ankara,0:0,1:0
15/08/18 05:00,VFL Oslo  -  VFL Athens,0:1,0:1
15/08/18 05:00,VFL Vienna  -  VFL Madrid,1:0,3:0
15/08/18 05:05,VFL Athens  -  VFL Stockholm,0:0,0:0
15/08/18 05:05,VFL Madrid  -  VFL Oslo,2:0,3:0
15/08/18 05:05,VFL Copenhagen  -  VFL Edinburgh,0:1,1:1
15/08/18 05:05,VFL Berlin  -  VFL Rome,2:0,4:0
15/08/18 05:05,VFL Bern  -  VFL Paris,1:0,1:1
15/08/18 05:05,VFL London  -  VFL Lisbon,0:0,0:1
15/08/18 05:05,VFL Ankara  -  VFL Brussels,1:1,2:1
15/08/18 05:05,VFL Amsterdam  -  VFL Vienna,1:0,2:0
15/08/18 05:09,VFL Rome  -  VFL Ankara,2:2,3:2
15/08/18 05:09,VFL Madrid  -  VFL Athens,3:1,5:1
15/08/18 05:09,VFL Brussels  -  VFL Stockholm,0:1,0:1
15/08/18 05:09,VFL Oslo  -  VFL Amsterdam,0:2,2:3
15/08/18 05:09,VFL Lisbon  -  VFL Bern,2:0,2:1
15/08/18 05:09,VFL Paris  -  VFL Berlin,1:1,1:2
15/08/18 05:09,VFL Vienna  -  VFL Copenhagen,0:0,0:1
15/08/18 05:09,VFL Edinburgh  -  VFL London,0:2,1:3
15/08/18 05:14,VFL London  -  VFL Vienna,1:1,2:1
15/08/18 05:14,VFL Amsterdam  -  VFL Madrid,2:1,2:3
15/08/18 05:14,VFL Berlin  -  VFL Lisbon,1:0,2:0
15/08/18 05:14,VFL Athens  -  VFL Brussels,0:0,1:1
15/08/18 05:14,VFL Stockholm  -  VFL Rome,0:2,2:2
15/08/18 05:14,VFL Ankara  -  VFL Paris,1:1,3:2
15/08/18 05:14,VFL Copenhagen  -  VFL Oslo,1:2,1:2
15/08/18 05:14,VFL Bern  -  VFL Edinburgh,0:1,1:1
15/08/18 05:18,VFL Paris  -  VFL Stockholm,1:1,4:2
15/08/18 05:18,VFL Amsterdam  -  VFL Athens,0:1,0:1
15/08/18 05:18,VFL Rome  -  VFL Brussels,1:1,1:1
15/08/18 05:18,VFL Madrid  -  VFL Copenhagen,2:0,4:0
15/08/18 05:18,VFL Lisbon  -  VFL Ankara,0:1,0:1
15/08/18 05:18,VFL Vienna  -  VFL Bern,0:0,1:0
15/08/18 05:18,VFL Oslo  -  VFL London,0:1,1:2
15/08/18 05:18,VFL Edinburgh  -  VFL Berlin,1:1,2:1
15/08/18 05:23,VFL Athens  -  VFL Rome,0:1,2:1
15/08/18 05:23,VFL London  -  VFL Madrid,2:0,3:0
15/08/18 05:23,VFL Stockholm  -  VFL Lisbon,0:2,1:3
15/08/18 05:23,VFL Copenhagen  -  VFL Amsterdam,0:1,1:1
15/08/18 05:23,VFL Berlin  -  VFL Vienna,0:0,1:0
15/08/18 05:23,VFL Ankara  -  VFL Edinburgh,0:0,1:1
15/08/18 05:23,VFL Brussels  -  VFL Paris,0:2,1:3
15/08/18 05:23,VFL Bern  -  VFL Oslo,0:0,0:0
15/08/18 05:28,VFL Oslo  -  VFL Berlin,1:1,4:1
15/08/18 05:28,VFL Paris  -  VFL Rome,0:1,0:1
15/08/18 05:28,VFL Amsterdam  -  VFL London,0:3,1:3
15/08/18 05:28,VFL Copenhagen  -  VFL Athens,0:0,0:1
15/08/18 05:28,VFL Vienna  -  VFL Ankara,0:0,0:1
15/08/18 05:28,VFL Edinburgh  -  VFL Stockholm,2:1,2:1
15/08/18 05:28,VFL Madrid  -  VFL Bern,0:0,1:1
15/08/18 05:28,VFL Lisbon  -  VFL Brussels,0:0,1:0
15/08/18 05:32,VFL Athens  -  VFL Paris,1:0,3:0
15/08/18 05:32,VFL Brussels  -  VFL Edinburgh,0:1,2:1
15/08/18 05:32,VFL London  -  VFL Copenhagen,1:0,1:0
15/08/18 05:32,VFL Rome  -  VFL Lisbon,1:1,1:2
15/08/18 05:32,VFL Ankara  -  VFL Oslo,1:0,2:0
15/08/18 05:32,VFL Stockholm  -  VFL Vienna,0:0,1:0
15/08/18 05:32,VFL Berlin  -  VFL Madrid,0:5,0:5
15/08/18 05:32,VFL Bern  -  VFL Amsterdam,1:0,2:0
15/08/18 05:37,VFL Amsterdam  -  VFL Berlin,2:1,3:2
15/08/18 05:37,VFL Edinburgh  -  VFL Rome,1:0,1:0
15/08/18 05:37,VFL Madrid  -  VFL Ankara,0:0,1:0
15/08/18 05:37,VFL Lisbon  -  VFL Paris,2:1,3:1
15/08/18 05:37,VFL London  -  VFL Athens,1:1,4:1
15/08/18 05:37,VFL Vienna  -  VFL Brussels,0:0,0:0
15/08/18 05:37,VFL Oslo  -  VFL Stockholm,1:0,1:0
15/08/18 05:37,VFL Copenhagen  -  VFL Bern,2:0,2:1
15/08/18 05:41,VFL Brussels  -  VFL Oslo,0:0,2:0
15/08/18 05:41,VFL Stockholm  -  VFL Madrid,1:0,1:1
15/08/18 05:41,VFL Paris  -  VFL Edinburgh,2:0,4:0
15/08/18 05:41,VFL Ankara  -  VFL Amsterdam,0:1,0:1
15/08/18 05:41,VFL Rome  -  VFL Vienna,0:1,0:1
15/08/18 05:41,VFL Berlin  -  VFL Copenhagen,0:2,2:2
15/08/18 05:41,VFL Athens  -  VFL Lisbon,0:0,0:0
15/08/18 05:41,VFL Bern  -  VFL London,0:0,0:2
15/08/18 05:46,VFL Bern  -  VFL Athens,0:1,1:1
15/08/18 05:46,VFL Amsterdam  -  VFL Stockholm,4:0,5:0
15/08/18 05:46,VFL Oslo  -  VFL Rome,1:2,1:3
15/08/18 05:46,VFL London  -  VFL Berlin,1:1,2:3
15/08/18 05:46,VFL Vienna  -  VFL Paris,0:0,0:1
15/08/18 05:46,VFL Edinburgh  -  VFL Lisbon,0:1,0:3
15/08/18 05:46,VFL Madrid  -  VFL Brussels,2:0,3:0
15/08/18 05:46,VFL Copenhagen  -  VFL Ankara,1:0,1:1
15/08/18 05:50,VFL Rome  -  VFL Madrid,0:2,3:2
15/08/18 05:50,VFL Berlin  -  VFL Bern,1:0,2:1
15/08/18 05:50,VFL Athens  -  VFL Edinburgh,0:1,3:3
15/08/18 05:50,VFL Stockholm  -  VFL Copenhagen,0:0,0:0
15/08/18 05:50,VFL Lisbon  -  VFL Vienna,1:1,1:1
15/08/18 05:50,VFL Brussels  -  VFL Amsterdam,1:1,1:2
15/08/18 05:50,VFL Ankara  -  VFL London,0:1,2:2
15/08/18 05:50,VFL Paris  -  VFL Oslo,1:2,1:2
15/08/18 05:55,VFL Copenhagen  -  VFL Brussels,0:2,0:3
15/08/18 05:55,VFL Madrid  -  VFL Paris,2:1,2:1
15/08/18 05:55,VFL Vienna  -  VFL Edinburgh,1:0,1:0
15/08/18 05:55,VFL Bern  -  VFL Ankara,0:0,0:0
15/08/18 05:55,VFL Oslo  -  VFL Lisbon,3:0,3:0
15/08/18 05:55,VFL Amsterdam  -  VFL Rome,0:0,2:0
15/08/18 05:55,VFL Berlin  -  VFL Athens,1:0,1:1
15/08/18 05:55,VFL London  -  VFL Stockholm,3:1,3:3
15/08/18 06:00,VFL Brussels  -  VFL London,0:1,1:1
15/08/18 06:00,VFL Edinburgh  -  VFL Oslo,0:0,0:1
15/08/18 06:00,VFL Ankara  -  VFL Berlin,0:0,0:0
15/08/18 06:00,VFL Athens  -  VFL Vienna,0:0,1:0
15/08/18 06:00,VFL Stockholm  -  VFL Bern,1:1,1:1
15/08/18 06:00,VFL Paris  -  VFL Amsterdam,0:1,1:2
15/08/18 06:00,VFL Lisbon  -  VFL Madrid,1:2,3:2
15/08/18 06:00,VFL Rome  -  VFL Copenhagen,2:0,2:1
15/08/18 06:04,VFL Copenhagen  -  VFL Paris,1:1,1:2
15/08/18 06:04,VFL Berlin  -  VFL Stockholm,2:1,2:1
15/08/18 06:04,VFL Oslo  -  VFL Vienna,1:0,1:0
15/08/18 06:04,VFL Madrid  -  VFL Edinburgh,0:0,1:0
15/08/18 06:04,VFL Bern  -  VFL Brussels,0:0,2:0
15/08/18 06:04,VFL Ankara  -  VFL Athens,0:1,0:2
15/08/18 06:04,VFL Amsterdam  -  VFL Lisbon,0:1,0:1
15/08/18 06:04,VFL London  -  VFL Rome,0:1,0:1
15/08/18 06:09,VFL London  -  VFL Paris,2:1,5:1
15/08/18 06:09,VFL Athens  -  VFL Oslo,1:1,3:1
15/08/18 06:09,VFL Amsterdam  -  VFL Edinburgh,2:1,2:2
15/08/18 06:09,VFL Ankara  -  VFL Stockholm,1:2,2:2
15/08/18 06:09,VFL Berlin  -  VFL Brussels,1:0,2:0
15/08/18 06:09,VFL Madrid  -  VFL Vienna,0:0,1:0
15/08/18 06:09,VFL Bern  -  VFL Rome,0:2,0:3
15/08/18 06:09,VFL Copenhagen  -  VFL Lisbon,0:1,1:2
15/08/18 06:13,VFL Stockholm  -  VFL Athens,2:1,2:1
15/08/18 06:13,VFL Edinburgh  -  VFL Copenhagen,0:0,0:1
15/08/18 06:13,VFL Vienna  -  VFL Amsterdam,0:3,0:5
15/08/18 06:13,VFL Lisbon  -  VFL London,0:0,1:0
15/08/18 06:13,VFL Rome  -  VFL Berlin,1:0,3:0
15/08/18 06:13,VFL Oslo  -  VFL Madrid,2:0,2:2
15/08/18 06:13,VFL Brussels  -  VFL Ankara,1:0,1:1
15/08/18 06:13,VFL Paris  -  VFL Bern,1:0,3:0
15/08/18 06:18,VFL Stockholm  -  VFL Brussels,2:0,3:0
15/08/18 06:18,VFL Berlin  -  VFL Paris,1:1,2:3
15/08/18 06:18,VFL Athens  -  VFL Madrid,0:0,0:1
15/08/18 06:18,VFL London  -  VFL Edinburgh,1:1,1:1
15/08/18 06:18,VFL Bern  -  VFL Lisbon,0:0,1:0
15/08/18 06:18,VFL Ankara  -  VFL Rome,1:1,3:1
15/08/18 06:18,VFL Copenhagen  -  VFL Vienna,0:3,0:3
15/08/18 06:18,VFL Amsterdam  -  VFL Oslo,1:1,1:1
15/08/18 06:23,VFL Brussels  -  VFL Athens,0:1,0:3
15/08/18 06:23,VFL Oslo  -  VFL Copenhagen,2:0,3:0
15/08/18 06:23,VFL Rome  -  VFL Stockholm,2:0,3:1
15/08/18 06:23,VFL Lisbon  -  VFL Berlin,0:2,1:3
15/08/18 06:23,VFL Edinburgh  -  VFL Bern,1:0,2:1
15/08/18 06:23,VFL Vienna  -  VFL London,0:0,1:0
15/08/18 06:23,VFL Madrid  -  VFL Amsterdam,0:1,1:2
15/08/18 06:23,VFL Paris  -  VFL Ankara,3:1,3:2
15/08/18 06:27,VFL Ankara  -  VFL Lisbon,0:0,0:0
15/08/18 06:27,VFL Stockholm  -  VFL Paris,1:0,2:0
15/08/18 06:27,VFL London  -  VFL Oslo,2:0,2:2
15/08/18 06:27,VFL Berlin  -  VFL Edinburgh,1:1,3:1
15/08/18 06:27,VFL Brussels  -  VFL Rome,1:0,1:1
15/08/18 06:27,VFL Copenhagen  -  VFL Madrid,0:0,1:1
15/08/18 06:27,VFL Bern  -  VFL Vienna,1:0,1:0
15/08/18 06:27,VFL Athens  -  VFL Amsterdam,0:2,0:5
15/08/18 06:32,VFL Amsterdam  -  VFL Copenhagen,,
15/08/18 06:32,VFL Paris  -  VFL Brussels,,
15/08/18 06:32,VFL Edinburgh  -  VFL Ankara,,
15/08/18 06:32,VFL Vienna  -  VFL Berlin,,
15/08/18 06:32,VFL Oslo  -  VFL Bern,,
15/08/18 06:32,VFL Madrid  -  VFL London,,
15/08/18 06:32,VFL Lisbon  -  VFL Stockholm,,
15/08/18 06:32,VFL Rome  -  VFL Athens,,
15/08/18 06:36,VFL Brussels  -  VFL Lisbon,,
15/08/18 06:36,VFL Ankara  -  VFL Vienna,,
15/08/18 06:36,VFL London  -  VFL Amsterdam,,
15/08/18 06:36,VFL Berlin  -  VFL Oslo,,
15/08/18 06:36,VFL Stockholm  -  VFL Edinburgh,,
15/08/18 06:36,VFL Rome  -  VFL Paris,,
15/08/18 06:36,VFL Bern  -  VFL Madrid,,
15/08/18 06:36,VFL Athens  -  VFL Copenhagen,,
15/08/18 06:41,VFL Copenhagen  -  VFL London,,
15/08/18 06:41,VFL Amsterdam  -  VFL Bern,,
15/08/18 06:41,VFL Edinburgh  -  VFL Brussels,,
15/08/18 06:41,VFL Vienna  -  VFL Stockholm,,
15/08/18 06:41,VFL Madrid  -  VFL Berlin,,
15/08/18 06:41,VFL Paris  -  VFL Athens,,
15/08/18 06:41,VFL Lisbon  -  VFL Rome,,
15/08/18 06:41,VFL Oslo  -  VFL Ankara,,
15/08/18 06:45,VFL Athens  -  VFL London,,
15/08/18 06:45,VFL Paris  -  VFL Lisbon,,
15/08/18 06:45,VFL Berlin  -  VFL Amsterdam,,
15/08/18 06:45,VFL Rome  -  VFL Edinburgh,,
15/08/18 06:45,VFL Brussels  -  VFL Vienna,,
15/08/18 06:45,VFL Ankara  -  VFL Madrid,,
15/08/18 06:45,VFL Stockholm  -  VFL Oslo,,
15/08/18 06:45,VFL Bern  -  VFL Copenhagen,,
15/08/18 06:50,VFL Amsterdam  -  VFL Ankara,,
15/08/18 06:50,VFL Vienna  -  VFL Rome,,
15/08/18 06:50,VFL Madrid  -  VFL Stockholm,,
15/08/18 06:50,VFL London  -  VFL Bern,,
15/08/18 06:50,VFL Lisbon  -  VFL Athens,,
15/08/18 06:50,VFL Edinburgh  -  VFL Paris,,
15/08/18 06:50,VFL Copenhagen  -  VFL Berlin,,
15/08/18 06:50,VFL Oslo  -  VFL Brussels,,
15/08/18 06:55,VFL Berlin  -  VFL London,,
15/08/18 06:55,VFL Brussels  -  VFL Madrid,,
15/08/18 06:55,VFL Stockholm  -  VFL Amsterdam,,
15/08/18 06:55,VFL Rome  -  VFL Oslo,,
15/08/18 06:55,VFL Lisbon  -  VFL Edinburgh,,
15/08/18 06:55,VFL Athens  -  VFL Bern,,
15/08/18 06:55,VFL Ankara  -  VFL Copenhagen,,
15/08/18 06:55,VFL Paris  -  VFL Vienna,,
15/08/18 06:59,VFL Vienna  -  VFL Lisbon,,
15/08/18 06:59,VFL Copenhagen  -  VFL Stockholm,,
15/08/18 06:59,VFL London  -  VFL Ankara,,
15/08/18 06:59,VFL Edinburgh  -  VFL Athens,,
15/08/18 06:59,VFL Bern  -  VFL Berlin,,
15/08/18 06:59,VFL Madrid  -  VFL Rome,,
15/08/18 06:59,VFL Oslo  -  VFL Paris,,
15/08/18 06:59,VFL Amsterdam  -  VFL Brussels,,
15/08/18 07:04,VFL Edinburgh  -  VFL Vienna,,
15/08/18 07:04,VFL Rome  -  VFL Amsterdam,,
15/08/18 07:04,VFL Lisbon  -  VFL Oslo,,
15/08/18 07:04,VFL Ankara  -  VFL Bern,,
15/08/18 07:04,VFL Stockholm  -  VFL London,,
15/08/18 07:04,VFL Brussels  -  VFL Copenhagen,,
15/08/18 07:04,VFL Athens  -  VFL Berlin,,
15/08/18 07:04,VFL Paris  -  VFL Madrid,,
15/08/18 07:08,VFL Berlin  -  VFL Ankara,,
15/08/18 07:08,VFL Madrid  -  VFL Lisbon,,
15/08/18 07:08,VFL Oslo  -  VFL Edinburgh,,
15/08/18 07:08,VFL Bern  -  VFL Stockholm,,
15/08/18 07:08,VFL London  -  VFL Brussels,,
15/08/18 07:08,VFL Vienna  -  VFL Athens,,
15/08/18 07:08,VFL Copenhagen  -  VFL Rome,,
15/08/18 07:08,VFL Amsterdam  -  VFL Paris,,
15/08/18 07:13,VFL Paris  -  VFL Copenhagen,,
15/08/18 07:13,VFL Lisbon  -  VFL Amsterdam,,
15/08/18 07:13,VFL Brussels  -  VFL Bern,,
15/08/18 07:13,VFL Edinburgh  -  VFL Madrid,,
15/08/18 07:13,VFL Stockholm  -  VFL Berlin,,
15/08/18 07:13,VFL Rome  -  VFL London,,
15/08/18 07:13,VFL Athens  -  VFL Ankara,,
15/08/18 07:13,VFL Vienna  -  VFL Oslo,,
15/08/18 02:39,VFL Oslo  -  VFL Paris,1:1,2:2
15/08/18 02:39,VFL Edinburgh  -  VFL Athens,0:0,1:1
15/08/18 02:39,VFL Lisbon  -  VFL Rome,1:1,1:1
15/08/18 02:39,VFL Bern  -  VFL Madrid,4:1,4:2
15/08/18 02:39,VFL Amsterdam  -  VFL London,1:1,4:1
15/08/18 02:39,VFL Ankara  -  VFL Stockholm,0:2,2:3
15/08/18 02:39,VFL Copenhagen  -  VFL Berlin,0:1,0:1
15/08/18 02:39,VFL Vienna  -  VFL Brussels,0:0,0:1
15/08/18 02:44,VFL Athens  -  VFL Ankara,1:0,2:0
15/08/18 02:44,VFL Stockholm  -  VFL Oslo,1:1,2:2
15/08/18 02:44,VFL Brussels  -  VFL Amsterdam,1:0,1:1
15/08/18 02:44,VFL London  -  VFL Edinburgh,1:0,4:0
15/08/18 02:44,VFL Paris  -  VFL Bern,1:0,1:0
15/08/18 02:44,VFL Berlin  -  VFL Lisbon,0:1,0:1
15/08/18 02:44,VFL Rome  -  VFL Vienna,0:0,0:0
15/08/18 02:44,VFL Madrid  -  VFL Copenhagen,0:0,0:0
15/08/18 02:48,VFL Oslo  -  VFL Athens,1:0,1:1
15/08/18 02:48,VFL Amsterdam  -  VFL Rome,2:0,2:1
15/08/18 02:48,VFL Copenhagen  -  VFL Paris,1:0,2:0
15/08/18 02:48,VFL Vienna  -  VFL Lisbon,1:1,1:1
15/08/18 02:48,VFL Edinburgh  -  VFL Brussels,0:1,1:1
15/08/18 02:48,VFL Bern  -  VFL Stockholm,1:0,2:0
15/08/18 02:48,VFL Ankara  -  VFL London,1:0,1:1
15/08/18 02:48,VFL Madrid  -  VFL Berlin,2:1,4:1
15/08/18 02:53,VFL Brussels  -  VFL Ankara,1:0,1:0
15/08/18 02:53,VFL Rome  -  VFL Edinburgh,1:1,4:2
15/08/18 02:53,VFL Lisbon  -  VFL Amsterdam,0:0,1:0
15/08/18 02:53,VFL Paris  -  VFL Madrid,1:1,1:1
15/08/18 02:53,VFL Stockholm  -  VFL Copenhagen,1:1,2:2
15/08/18 02:53,VFL Athens  -  VFL Bern,0:0,1:1
15/08/18 02:53,VFL Berlin  -  VFL Vienna,1:0,1:0
15/08/18 02:53,VFL London  -  VFL Oslo,0:1,0:1
15/08/18 02:57,VFL Ankara  -  VFL Rome,1:0,2:1
15/08/18 02:57,VFL Bern  -  VFL London,0:0,0:0
15/08/18 02:57,VFL Paris  -  VFL Berlin,0:1,0:3
15/08/18 02:57,VFL Amsterdam  -  VFL Vienna,0:0,2:0
15/08/18 02:57,VFL Copenhagen  -  VFL Athens,1:0,1:1
15/08/18 02:57,VFL Oslo  -  VFL Brussels,0:0,1:0
15/08/18 02:57,VFL Madrid  -  VFL Stockholm,1:1,1:1
15/08/18 02:57,VFL Edinburgh  -  VFL Lisbon,1:0,1:2
15/08/18 03:02,VFL Brussels  -  VFL Bern,1:0,2:0
15/08/18 03:02,VFL Athens  -  VFL Madrid,1:2,1:2
15/08/18 03:02,VFL Rome  -  VFL Oslo,2:0,5:0
15/08/18 03:02,VFL Berlin  -  VFL Amsterdam,2:1,2:3
15/08/18 03:02,VFL Stockholm  -  VFL Paris,1:0,4:1
15/08/18 03:02,VFL London  -  VFL Copenhagen,1:0,3:0
15/08/18 03:02,VFL Vienna  -  VFL Edinburgh,1:0,1:0
15/08/18 03:02,VFL Lisbon  -  VFL Ankara,2:1,2:2
15/08/18 03:07,VFL Stockholm  -  VFL Berlin,0:1,1:1
15/08/18 03:07,VFL Bern  -  VFL Rome,0:2,0:3
15/08/18 03:07,VFL Madrid  -  VFL London,1:0,1:0
15/08/18 03:07,VFL Copenhagen  -  VFL Brussels,0:0,0:1
15/08/18 03:07,VFL Oslo  -  VFL Lisbon,0:0,0:1
15/08/18 03:07,VFL Paris  -  VFL Athens,0:0,0:2
15/08/18 03:07,VFL Edinburgh  -  VFL Amsterdam,0:1,0:1
15/08/18 03:07,VFL Ankara  -  VFL Vienna,0:0,1:0
15/08/18 03:11,VFL Athens  -  VFL Stockholm,1:2,2:2
15/08/18 03:11,VFL Amsterdam  -  VFL Ankara,0:0,1:0
15/08/18 03:11,VFL Rome  -  VFL Copenhagen,2:0,6:0
15/08/18 03:11,VFL Berlin  -  VFL Edinburgh,1:0,3:0
15/08/18 03:11,VFL Brussels  -  VFL Madrid,0:1,0:2
15/08/18 03:11,VFL Lisbon  -  VFL Bern,0:0,0:1
15/08/18 03:11,VFL London  -  VFL Paris,1:1,3:3
15/08/18 03:11,VFL Vienna  -  VFL Oslo,0:0,1:0
15/08/18 03:16,VFL Madrid  -  VFL Rome,2:0,2:0
15/08/18 03:16,VFL Athens  -  VFL Berlin,0:0,0:1
15/08/18 03:16,VFL Paris  -  VFL Brussels,1:0,1:0
15/08/18 03:16,VFL Oslo  -  VFL Amsterdam,0:1,1:3
15/08/18 03:16,VFL Ankara  -  VFL Edinburgh,0:0,0:0
15/08/18 03:16,VFL Copenhagen  -  VFL Lisbon,1:0,1:0
15/08/18 03:16,VFL Bern  -  VFL Vienna,1:0,1:0
15/08/18 03:16,VFL Stockholm  -  VFL London,1:4,2:4
15/08/18 03:20,VFL Lisbon  -  VFL Madrid,0:0,3:0
15/08/18 03:20,VFL Berlin  -  VFL Ankara,0:0,0:1
15/08/18 03:20,VFL Brussels  -  VFL Stockholm,0:0,0:1
15/08/18 03:20,VFL Edinburgh  -  VFL Oslo,2:0,3:2
15/08/18 03:20,VFL Vienna  -  VFL Copenhagen,0:3,1:4
15/08/18 03:20,VFL Amsterdam  -  VFL Bern,1:0,3:1
15/08/18 03:20,VFL London  -  VFL Athens,0:1,0:3
15/08/18 03:20,VFL Rome  -  VFL Paris,2:1,5:1
15/08/18 03:25,VFL Madrid  -  VFL Vienna,3:0,3:0
15/08/18 03:25,VFL Bern  -  VFL Edinburgh,1:1,1:2
15/08/18 03:25,VFL Paris  -  VFL Lisbon,1:0,1:1
15/08/18 03:25,VFL Athens  -  VFL Brussels,0:0,0:0
15/08/18 03:25,VFL Stockholm  -  VFL Rome,1:0,5:0
15/08/18 03:25,VFL Oslo  -  VFL Ankara,3:0,4:1
15/08/18 03:25,VFL London  -  VFL Berlin,0:0,1:0
15/08/18 03:25,VFL Copenhagen  -  VFL Amsterdam,0:1,0:2
15/08/18 03:29,VFL Brussels  -  VFL London,0:1,1:3
15/08/18 03:29,VFL Edinburgh  -  VFL Copenhagen,0:0,2:0
15/08/18 03:29,VFL Berlin  -  VFL Oslo,0:1,0:2
15/08/18 03:29,VFL Lisbon  -  VFL Stockholm,2:0,2:1
15/08/18 03:29,VFL Rome  -  VFL Athens,1:0,2:1
15/08/18 03:29,VFL Vienna  -  VFL Paris,2:0,3:0
15/08/18 03:29,VFL Amsterdam  -  VFL Madrid,1:0,2:0
15/08/18 03:29,VFL Ankara  -  VFL Bern,0:0,1:0
15/08/18 03:34,VFL Madrid  -  VFL Edinburgh,1:0,2:0
15/08/18 03:34,VFL Bern  -  VFL Oslo,0:1,0:2
15/08/18 03:34,VFL Paris  -  VFL Amsterdam,1:1,2:2
15/08/18 03:34,VFL Athens  -  VFL Lisbon,0:0,1:2
15/08/18 03:34,VFL Copenhagen  -  VFL Ankara,1:1,1:2
15/08/18 03:34,VFL Stockholm  -  VFL Vienna,1:0,1:0
15/08/18 03:34,VFL London  -  VFL Rome,0:0,0:0
15/08/18 03:34,VFL Brussels  -  VFL Berlin,1:1,1:1
15/08/18 03:39,VFL Amsterdam  -  VFL Stockholm,0:0,1:0
15/08/18 03:39,VFL Oslo  -  VFL Copenhagen,0:0,1:0
15/08/18 03:39,VFL Rome  -  VFL Brussels,2:0,2:1
15/08/18 03:39,VFL Edinburgh  -  VFL Paris,0:1,0:4
15/08/18 03:39,VFL Berlin  -  VFL Bern,1:0,1:1
15/08/18 03:39,VFL Vienna  -  VFL Athens,0:0,1:0
15/08/18 03:39,VFL Lisbon  -  VFL London,0:0,0:1
15/08/18 03:39,VFL Ankara  -  VFL Madrid,3:0,4:2
15/08/18 03:43,VFL Rome  -  VFL Berlin,0:0,1:0
15/08/18 03:43,VFL Stockholm  -  VFL Edinburgh,1:0,2:0
15/08/18 03:43,VFL Madrid  -  VFL Oslo,1:1,2:2
15/08/18 03:43,VFL Copenhagen  -  VFL Bern,1:1,1:1
15/08/18 03:43,VFL Athens  -  VFL Amsterdam,0:1,0:2
15/08/18 03:43,VFL London  -  VFL Vienna,2:0,2:1
15/08/18 03:43,VFL Brussels  -  VFL Lisbon,0:0,0:0
15/08/18 03:43,VFL Paris  -  VFL Ankara,2:0,3:0
15/08/18 03:48,VFL Paris  -  VFL Oslo,1:1,2:2
15/08/18 03:48,VFL London  -  VFL Amsterdam,0:2,1:2
15/08/18 03:48,VFL Athens  -  VFL Edinburgh,1:0,2:0
15/08/18 03:48,VFL Brussels  -  VFL Vienna,0:0,0:0
15/08/18 03:48,VFL Rome  -  VFL Lisbon,0:1,1:2
15/08/18 03:48,VFL Madrid  -  VFL Bern,1:2,1:3
15/08/18 03:48,VFL Stockholm  -  VFL Ankara,2:0,2:0
15/08/18 03:48,VFL Berlin  -  VFL Copenhagen,2:0,2:1
15/08/18 03:52,VFL Edinburgh  -  VFL London,2:1,2:4
15/08/18 03:52,VFL Copenhagen  -  VFL Madrid,0:0,0:2
15/08/18 03:52,VFL Bern  -  VFL Paris,0:2,2:3
15/08/18 03:52,VFL Oslo  -  VFL Stockholm,1:1,2:1
15/08/18 03:52,VFL Lisbon  -  VFL Berlin,1:0,1:1
15/08/18 03:52,VFL Amsterdam  -  VFL Brussels,1:0,1:0
15/08/18 03:52,VFL Ankara  -  VFL Athens,0:0,1:0
15/08/18 03:52,VFL Vienna  -  VFL Rome,0:1,0:2
15/08/18 03:57,VFL Brussels  -  VFL Edinburgh,0:1,2:1
15/08/18 03:57,VFL Berlin  -  VFL Madrid,2:0,3:1
15/08/18 03:57,VFL Rome  -  VFL Amsterdam,0:0,1:0
15/08/18 03:57,VFL Lisbon  -  VFL Vienna,1:1,2:1
15/08/18 03:57,VFL Athens  -  VFL Oslo,0:0,0:2
15/08/18 03:57,VFL London  -  VFL Ankara,1:1,3:1
15/08/18 03:57,VFL Stockholm  -  VFL Bern,1:1,2:3
15/08/18 03:57,VFL Paris  -  VFL Copenhagen,1:1,2:1
15/08/18 04:02,VFL Oslo  -  VFL London,1:1,2:3
15/08/18 04:02,VFL Madrid  -  VFL Paris,2:0,2:1
15/08/18 04:02,VFL Copenhagen  -  VFL Stockholm,0:1,1:1
15/08/18 04:02,VFL Bern  -  VFL Athens,0:2,2:2
15/08/18 04:02,VFL Ankara  -  VFL Brussels,0:0,0:1
15/08/18 04:02,VFL Edinburgh  -  VFL Rome,0:0,0:0
15/08/18 04:02,VFL Amsterdam  -  VFL Lisbon,0:0,0:0
15/08/18 04:02,VFL Vienna  -  VFL Berlin,2:0,2:0
15/08/18 04:06,VFL London  -  VFL Bern,2:0,3:1
15/08/18 04:06,VFL Rome  -  VFL Ankara,2:0,4:0
15/08/18 04:06,VFL Berlin  -  VFL Paris,2:2,2:3
15/08/18 04:06,VFL Vienna  -  VFL Amsterdam,0:1,1:1
15/08/18 04:06,VFL Lisbon  -  VFL Edinburgh,2:0,4:0
15/08/18 04:06,VFL Stockholm  -  VFL Madrid,1:0,3:0
15/08/18 04:06,VFL Athens  -  VFL Copenhagen,1:0,1:1
15/08/18 04:06,VFL Brussels  -  VFL Oslo,2:0,4:0
15/08/18 04:11,VFL Ankara  -  VFL Lisbon,1:1,2:2
15/08/18 04:11,VFL Copenhagen  -  VFL London,1:0,1:0
15/08/18 04:11,VFL Edinburgh  -  VFL Vienna,2:0,2:1
15/08/18 04:11,VFL Madrid  -  VFL Athens,1:1,1:2
15/08/18 04:11,VFL Oslo  -  VFL Rome,2:0,3:1
15/08/18 04:11,VFL Amsterdam  -  VFL Berlin,0:0,2:0
15/08/18 04:11,VFL Bern  -  VFL Brussels,1:0,1:0
15/08/18 04:11,VFL Paris  -  VFL Stockholm,1:2,2:2
15/08/18 04:15,VFL Berlin  -  VFL Stockholm,1:0,1:0
15/08/18 04:15,VFL Athens  -  VFL Paris,1:0,1:0
15/08/18 04:15,VFL Brussels  -  VFL Copenhagen,0:0,0:0
15/08/18 04:15,VFL Vienna  -  VFL Ankara,0:0,1:0
15/08/18 04:15,VFL Rome  -  VFL Bern,0:0,1:1
15/08/18 04:15,VFL London  -  VFL Madrid,0:1,0:3
15/08/18 04:15,VFL Lisbon  -  VFL Oslo,2:1,2:2
15/08/18 04:15,VFL Amsterdam  -  VFL Edinburgh,2:0,3:0
15/08/18 04:20,VFL Ankara  -  VFL Amsterdam,1:2,3:2
15/08/18 04:20,VFL Paris  -  VFL London,1:0,1:2
15/08/18 04:20,VFL Madrid  -  VFL Brussels,1:0,3:0
15/08/18 04:20,VFL Copenhagen  -  VFL Rome,0:0,0:0
15/08/18 04:20,VFL Oslo  -  VFL Vienna,0:0,2:1
15/08/18 04:20,VFL Edinburgh  -  VFL Berlin,0:1,0:2
15/08/18 04:20,VFL Bern  -  VFL Lisbon,0:2,0:3
15/08/18 04:20,VFL Stockholm  -  VFL Athens,2:0,3:0
15/08/18 04:24,VFL London  -  VFL Stockholm,0:1,0:1
15/08/18 04:24,VFL Brussels  -  VFL Paris,1:0,3:0
15/08/18 04:24,VFL Vienna  -  VFL Bern,0:2,1:2
15/08/18 04:24,VFL Lisbon  -  VFL Copenhagen,2:0,2:0
15/08/18 04:24,VFL Rome  -  VFL Madrid,1:1,1:2
15/08/18 04:24,VFL Berlin  -  VFL Athens,1:0,1:0
15/08/18 04:24,VFL Amsterdam  -  VFL Oslo,1:1,4:1
15/08/18 04:24,VFL Edinburgh  -  VFL Ankara,1:2,1:3
15/08/18 04:29,VFL Bern  -  VFL Amsterdam,1:2,1:4
15/08/18 04:29,VFL Copenhagen  -  VFL Vienna,2:0,2:0
15/08/18 04:29,VFL Stockholm  -  VFL Brussels,1:0,1:0
15/08/18 04:29,VFL Paris  -  VFL Rome,2:0,2:1
15/08/18 04:29,VFL Athens  -  VFL London,0:0,0:1
15/08/18 04:29,VFL Madrid  -  VFL Lisbon,0:0,2:0
15/08/18 04:29,VFL Ankara  -  VFL Berlin,0:0,1:1
15/08/18 04:29,VFL Oslo  -  VFL Edinburgh,3:1,4:2
15/08/18 04:34,VFL Ankara  -  VFL Oslo,1:0,1:0
15/08/18 04:34,VFL Lisbon  -  VFL Paris,0:1,1:2
15/08/18 04:34,VFL Rome  -  VFL Stockholm,1:0,2:1
15/08/18 04:34,VFL Amsterdam  -  VFL Copenhagen,0:0,0:0
15/08/18 04:34,VFL Berlin  -  VFL London,1:1,3:1
15/08/18 04:34,VFL Brussels  -  VFL Athens,0:0,0:0
15/08/18 04:34,VFL Edinburgh  -  VFL Bern,0:0,1:0
15/08/18 04:34,VFL Vienna  -  VFL Madrid,1:0,1:1
15/08/18 04:38,VFL Copenhagen  -  VFL Edinburgh,0:0,1:0
15/08/18 04:38,VFL London  -  VFL Brussels,2:0,4:1
15/08/18 04:38,VFL Athens  -  VFL Rome,1:2,2:3
15/08/18 04:38,VFL Madrid  -  VFL Amsterdam,2:0,2:0
15/08/18 04:38,VFL Stockholm  -  VFL Lisbon,0:0,0:1
15/08/18 04:38,VFL Oslo  -  VFL Berlin,0:1,1:2
15/08/18 04:38,VFL Bern  -  VFL Ankara,0:0,0:0
15/08/18 04:38,VFL Paris  -  VFL Vienna,0:0,2:1
15/08/18 04:43,VFL Amsterdam  -  VFL Paris,1:0,2:1
15/08/18 04:43,VFL Vienna  -  VFL Stockholm,0:1,0:2
15/08/18 04:43,VFL Ankara  -  VFL Copenhagen,2:0,3:0
15/08/18 04:43,VFL Rome  -  VFL London,0:0,1:0
15/08/18 04:43,VFL Lisbon  -  VFL Athens,2:1,3:1
15/08/18 04:43,VFL Edinburgh  -  VFL Madrid,1:0,2:1
15/08/18 04:43,VFL Berlin  -  VFL Brussels,1:0,1:0
15/08/18 04:43,VFL Oslo  -  VFL Bern,0:0,0:0
15/08/18 04:47,VFL London  -  VFL Lisbon,1:1,2:2
15/08/18 04:47,VFL Brussels  -  VFL Rome,1:1,1:1
15/08/18 04:47,VFL Paris  -  VFL Edinburgh,0:0,1:1
15/08/18 04:47,VFL Copenhagen  -  VFL Oslo,3:1,3:3
15/08/18 04:47,VFL Athens  -  VFL Vienna,0:0,1:0
15/08/18 04:47,VFL Madrid  -  VFL Ankara,2:0,5:0
15/08/18 04:47,VFL Bern  -  VFL Berlin,0:0,0:0
15/08/18 04:47,VFL Stockholm  -  VFL Amsterdam,0:2,0:3
15/08/18 04:52,VFL Bern  -  VFL Copenhagen,1:0,1:0
15/08/18 04:52,VFL Edinburgh  -  VFL Stockholm,0:0,0:1
15/08/18 04:52,VFL Oslo  -  VFL Madrid,0:0,0:2
15/08/18 04:52,VFL Vienna  -  VFL London,0:0,0:0
15/08/18 04:52,VFL Berlin  -  VFL Rome,2:0,4:0
15/08/18 04:52,VFL Lisbon  -  VFL Brussels,0:1,1:2
15/08/18 04:52,VFL Amsterdam  -  VFL Athens,2:0,6:1
15/08/18 04:52,VFL Ankara  -  VFL Paris,0:2,1:2
15/08/18 00:18,VFL Brussels  -  VFL Berlin,0:0,0:0
15/08/18 00:18,VFL Ankara  -  VFL Oslo,0:1,0:2
15/08/18 00:18,VFL Vienna  -  VFL Madrid,0:1,0:2
15/08/18 00:18,VFL Paris  -  VFL Rome,0:2,1:4
15/08/18 00:18,VFL Edinburgh  -  VFL Athens,0:0,0:0
15/08/18 00:18,VFL Stockholm  -  VFL London,1:0,1:0
15/08/18 00:18,VFL Lisbon  -  VFL Amsterdam,0:2,1:3
15/08/18 00:18,VFL Copenhagen  -  VFL Bern,1:1,1:1
15/08/18 00:23,VFL Athens  -  VFL Lisbon,0:0,0:1
15/08/18 00:23,VFL Berlin  -  VFL Stockholm,0:1,0:2
15/08/18 00:23,VFL Bern  -  VFL Edinburgh,1:0,2:0
15/08/18 00:23,VFL Rome  -  VFL Ankara,0:0,3:0
15/08/18 00:23,VFL London  -  VFL Vienna,0:1,1:2
15/08/18 00:23,VFL Amsterdam  -  VFL Brussels,2:0,3:0
15/08/18 00:23,VFL Madrid  -  VFL Paris,2:0,4:1
15/08/18 00:23,VFL Oslo  -  VFL Copenhagen,1:1,3:2
15/08/18 00:27,VFL Vienna  -  VFL Berlin,0:0,2:0
15/08/18 00:27,VFL Lisbon  -  VFL Edinburgh,1:0,3:0
15/08/18 00:27,VFL Brussels  -  VFL Athens,1:0,2:0
15/08/18 00:27,VFL Stockholm  -  VFL Amsterdam,2:2,4:3
15/08/18 00:27,VFL Copenhagen  -  VFL Rome,0:1,0:1
15/08/18 00:27,VFL Paris  -  VFL London,2:1,4:1
15/08/18 00:27,VFL Oslo  -  VFL Bern,1:0,1:0
15/08/18 00:27,VFL Ankara  -  VFL Madrid,0:1,1:2
15/08/18 00:32,VFL Athens  -  VFL Stockholm,0:1,0:2
15/08/18 00:32,VFL Madrid  -  VFL Copenhagen,1:0,2:0
15/08/18 00:32,VFL Rome  -  VFL Oslo,0:0,1:1
15/08/18 00:32,VFL London  -  VFL Ankara,1:0,1:0
15/08/18 00:32,VFL Berlin  -  VFL Paris,0:0,0:1
15/08/18 00:32,VFL Bern  -  VFL Lisbon,1:0,2:0
15/08/18 00:32,VFL Amsterdam  -  VFL Vienna,0:0,2:0
15/08/18 00:32,VFL Edinburgh  -  VFL Brussels,0:1,0:1
15/08/18 00:36,VFL Copenhagen  -  VFL London,0:0,0:2
15/08/18 00:36,VFL Brussels  -  VFL Lisbon,0:0,0:0
15/08/18 00:36,VFL Stockholm  -  VFL Edinburgh,0:0,2:1
15/08/18 00:36,VFL Ankara  -  VFL Berlin,1:2,1:4
15/08/18 00:36,VFL Rome  -  VFL Bern,2:1,2:1
15/08/18 00:36,VFL Vienna  -  VFL Athens,0:1,0:2
15/08/18 00:36,VFL Oslo  -  VFL Madrid,2:0,2:1
15/08/18 00:36,VFL Paris  -  VFL Amsterdam,0:0,2:0
15/08/18 00:41,VFL Lisbon  -  VFL Stockholm,0:1,0:1
15/08/18 00:41,VFL London  -  VFL Oslo,1:0,3:0
15/08/18 00:41,VFL Edinburgh  -  VFL Vienna,0:0,1:0
15/08/18 00:41,VFL Madrid  -  VFL Rome,1:0,2:2
15/08/18 00:41,VFL Berlin  -  VFL Copenhagen,4:0,5:0
15/08/18 00:41,VFL Bern  -  VFL Brussels,0:2,0:2
15/08/18 00:41,VFL Athens  -  VFL Paris,1:1,4:1
15/08/18 00:41,VFL Amsterdam  -  VFL Ankara,3:0,4:0
15/08/18 00:46,VFL Madrid  -  VFL Bern,2:1,3:1
15/08/18 00:46,VFL Oslo  -  VFL Berlin,0:1,0:2
15/08/18 00:46,VFL Rome  -  VFL London,1:0,1:1
15/08/18 00:46,VFL Paris  -  VFL Edinburgh,0:1,2:3
15/08/18 00:46,VFL Vienna  -  VFL Lisbon,0:1,0:1
15/08/18 00:46,VFL Copenhagen  -  VFL Amsterdam,0:1,1:3
15/08/18 00:46,VFL Ankara  -  VFL Athens,1:0,3:1
15/08/18 00:46,VFL Stockholm  -  VFL Brussels,0:1,0:2
15/08/18 00:50,VFL Edinburgh  -  VFL Ankara,1:0,2:0
15/08/18 00:50,VFL Lisbon  -  VFL Paris,1:0,1:0
15/08/18 00:50,VFL Athens  -  VFL Copenhagen,0:0,1:0
15/08/18 00:50,VFL Bern  -  VFL Stockholm,1:1,2:1
15/08/18 00:50,VFL Berlin  -  VFL Rome,1:0,2:1
15/08/18 00:50,VFL London  -  VFL Madrid,2:2,2:4
15/08/18 00:50,VFL Brussels  -  VFL Vienna,0:2,0:2
15/08/18 00:50,VFL Amsterdam  -  VFL Oslo,1:1,1:2
15/08/18 00:55,VFL Vienna  -  VFL Stockholm,2:2,2:3
15/08/18 00:55,VFL Ankara  -  VFL Lisbon,1:0,3:2
15/08/18 00:55,VFL Madrid  -  VFL Berlin,1:2,3:2
15/08/18 00:55,VFL Copenhagen  -  VFL Edinburgh,1:0,1:0
15/08/18 00:55,VFL Paris  -  VFL Brussels,0:0,1:2
15/08/18 00:55,VFL London  -  VFL Bern,2:1,3:1
15/08/18 00:55,VFL Oslo  -  VFL Athens,1:0,1:0
15/08/18 00:55,VFL Rome  -  VFL Amsterdam,0:0,1:0
15/08/18 00:59,VFL Amsterdam  -  VFL Madrid,2:1,3:1
15/08/18 00:59,VFL Stockholm  -  VFL Paris,0:1,1:1
15/08/18 00:59,VFL Athens  -  VFL Rome,0:2,0:4
15/08/18 00:59,VFL Brussels  -  VFL Ankara,1:0,3:1
15/08/18 00:59,VFL Berlin  -  VFL London,0:2,0:2
15/08/18 00:59,VFL Bern  -  VFL Vienna,1:1,1:1
15/08/18 00:59,VFL Edinburgh  -  VFL Oslo,1:0,1:2
15/08/18 00:59,VFL Lisbon  -  VFL Copenhagen,1:0,2:0
15/08/18 01:04,VFL Paris  -  VFL Vienna,1:0,1:0
15/08/18 01:04,VFL Madrid  -  VFL Athens,2:2,3:3
15/08/18 01:04,VFL Berlin  -  VFL Bern,0:0,0:0
15/08/18 01:04,VFL Ankara  -  VFL Stockholm,0:0,0:0
15/08/18 01:04,VFL London  -  VFL Amsterdam,1:1,3:2
15/08/18 01:04,VFL Copenhagen  -  VFL Brussels,0:1,0:1
15/08/18 01:04,VFL Rome  -  VFL Edinburgh,0:0,1:0
15/08/18 01:04,VFL Oslo  -  VFL Lisbon,1:0,2:1
15/08/18 01:08,VFL Edinburgh  -  VFL Madrid,0:0,1:1
15/08/18 01:08,VFL Stockholm  -  VFL Copenhagen,0:0,2:2
15/08/18 01:08,VFL Bern  -  VFL Paris,2:1,2:1
15/08/18 01:08,VFL Lisbon  -  VFL Rome,1:0,1:0
15/08/18 01:08,VFL Brussels  -  VFL Oslo,1:0,3:1
15/08/18 01:08,VFL Amsterdam  -  VFL Berlin,0:0,0:0
15/08/18 01:08,VFL Vienna  -  VFL Ankara,1:0,1:0
15/08/18 01:08,VFL Athens  -  VFL London,0:2,1:2
15/08/18 01:13,VFL Berlin  -  VFL Athens,1:0,3:0
15/08/18 01:13,VFL Madrid  -  VFL Lisbon,0:0,2:0
15/08/18 01:13,VFL Rome  -  VFL Brussels,0:1,0:1
15/08/18 01:13,VFL Oslo  -  VFL Stockholm,0:2,3:2
15/08/18 01:13,VFL Copenhagen  -  VFL Vienna,0:0,0:0
15/08/18 01:13,VFL Amsterdam  -  VFL Bern,1:0,2:0
15/08/18 01:13,VFL Ankara  -  VFL Paris,0:1,1:1
15/08/18 01:13,VFL London  -  VFL Edinburgh,0:0,0:0
15/08/18 01:18,VFL Lisbon  -  VFL London,1:1,1:1
15/08/18 01:18,VFL Vienna  -  VFL Oslo,1:1,1:1
15/08/18 01:18,VFL Brussels  -  VFL Madrid,0:2,1:3
15/08/18 01:18,VFL Bern  -  VFL Ankara,0:0,1:1
15/08/18 01:18,VFL Stockholm  -  VFL Rome,0:1,1:3
15/08/18 01:18,VFL Athens  -  VFL Amsterdam,0:0,0:0
15/08/18 01:18,VFL Paris  -  VFL Copenhagen,0:1,0:3
15/08/18 01:18,VFL Edinburgh  -  VFL Berlin,0:0,0:1
15/08/18 01:22,VFL Amsterdam  -  VFL Edinburgh,0:0,0:1
15/08/18 01:22,VFL Rome  -  VFL Vienna,1:0,1:0
15/08/18 01:22,VFL London  -  VFL Brussels,2:0,2:0
15/08/18 01:22,VFL Madrid  -  VFL Stockholm,0:2,1:2
15/08/18 01:22,VFL Berlin  -  VFL Lisbon,0:1,2:4
15/08/18 01:22,VFL Athens  -  VFL Bern,0:0,1:2
15/08/18 01:22,VFL Oslo  -  VFL Paris,2:0,4:0
15/08/18 01:22,VFL Copenhagen  -  VFL Ankara,1:0,3:0
15/08/18 01:27,VFL Athens  -  VFL Edinburgh,1:0,2:1
15/08/18 01:27,VFL Bern  -  VFL Copenhagen,2:1,2:1
15/08/18 01:27,VFL Madrid  -  VFL Vienna,0:0,1:1
15/08/18 01:27,VFL Oslo  -  VFL Ankara,4:0,6:1
15/08/18 01:27,VFL Rome  -  VFL Paris,1:0,2:1
15/08/18 01:27,VFL London  -  VFL Stockholm,1:0,5:0
15/08/18 01:27,VFL Berlin  -  VFL Brussels,0:0,3:1
15/08/18 01:27,VFL Amsterdam  -  VFL Lisbon,1:0,1:0
15/08/18 01:31,VFL Vienna  -  VFL London,0:3,1:4
15/08/18 01:31,VFL Lisbon  -  VFL Athens,1:0,2:0
15/08/18 01:31,VFL Brussels  -  VFL Amsterdam,0:0,0:0
15/08/18 01:31,VFL Paris  -  VFL Madrid,1:0,2:2
15/08/18 01:31,VFL Copenhagen  -  VFL Oslo,0:0,0:0
15/08/18 01:31,VFL Stockholm  -  VFL Berlin,1:0,3:1
15/08/18 01:31,VFL Edinburgh  -  VFL Bern,0:0,0:0
15/08/18 01:31,VFL Ankara  -  VFL Rome,1:2,1:3
15/08/18 01:36,VFL Madrid  -  VFL Ankara,2:0,4:1
15/08/18 01:36,VFL Athens  -  VFL Brussels,1:0,2:0
15/08/18 01:36,VFL Berlin  -  VFL Vienna,0:0,3:0
15/08/18 01:36,VFL Edinburgh  -  VFL Lisbon,0:1,0:1
15/08/18 01:36,VFL Rome  -  VFL Copenhagen,1:1,1:2
15/08/18 01:36,VFL Amsterdam  -  VFL Stockholm,2:0,4:1
15/08/18 01:36,VFL London  -  VFL Paris,0:0,0:1
15/08/18 01:36,VFL Bern  -  VFL Oslo,2:0,3:2
15/08/18 01:41,VFL Ankara  -  VFL London,0:0,1:0
15/08/18 01:41,VFL Oslo  -  VFL Rome,0:0,0:1
15/08/18 01:41,VFL Copenhagen  -  VFL Madrid,0:1,1:1
15/08/18 01:41,VFL Brussels  -  VFL Edinburgh,0:0,1:0
15/08/18 01:41,VFL Paris  -  VFL Berlin,0:0,0:2
15/08/18 01:41,VFL Lisbon  -  VFL Bern,3:0,3:1
15/08/18 01:41,VFL Vienna  -  VFL Amsterdam,0:1,0:1
15/08/18 01:41,VFL Stockholm  -  VFL Athens,1:1,2:2
15/08/18 01:45,VFL Amsterdam  -  VFL Paris,2:1,4:1
15/08/18 01:45,VFL Berlin  -  VFL Ankara,0:1,0:1
15/08/18 01:45,VFL Athens  -  VFL Vienna,0:1,0:1
15/08/18 01:45,VFL Edinburgh  -  VFL Stockholm,0:1,1:2
15/08/18 01:45,VFL Madrid  -  VFL Oslo,1:0,2:1
15/08/18 01:45,VFL London  -  VFL Copenhagen,1:1,1:1
15/08/18 01:45,VFL Lisbon  -  VFL Brussels,0:0,1:1
15/08/18 01:45,VFL Bern  -  VFL Rome,1:2,1:2
15/08/18 01:50,VFL Vienna  -  VFL Edinburgh,0:0,1:1
15/08/18 01:50,VFL Ankara  -  VFL Amsterdam,1:0,2:3
15/08/18 01:50,VFL Oslo  -  VFL London,0:0,1:1
15/08/18 01:50,VFL Rome  -  VFL Madrid,0:1,2:1
15/08/18 01:50,VFL Paris  -  VFL Athens,0:1,1:1
15/08/18 01:50,VFL Stockholm  -  VFL Lisbon,2:0,2:0
15/08/18 01:50,VFL Brussels  -  VFL Bern,0:0,0:0
15/08/18 01:50,VFL Copenhagen  -  VFL Berlin,0:1,0:2
15/08/18 01:54,VFL Brussels  -  VFL Stockholm,0:1,0:3
15/08/18 01:54,VFL Athens  -  VFL Ankara,1:0,3:0
15/08/18 01:54,VFL Bern  -  VFL Madrid,0:1,0:1
15/08/18 01:54,VFL London  -  VFL Rome,0:2,1:3
15/08/18 01:54,VFL Lisbon  -  VFL Vienna,0:1,0:1
15/08/18 01:54,VFL Berlin  -  VFL Oslo,0:0,1:0
15/08/18 01:54,VFL Edinburgh  -  VFL Paris,1:0,2:3
15/08/18 01:54,VFL Amsterdam  -  VFL Copenhagen,0:0,2:0
15/08/18 01:59,VFL Stockholm  -  VFL Bern,0:2,1:3
15/08/18 01:59,VFL Ankara  -  VFL Edinburgh,0:1,1:2
15/08/18 01:59,VFL Rome  -  VFL Berlin,0:0,0:1
15/08/18 01:59,VFL Oslo  -  VFL Amsterdam,0:1,0:1
15/08/18 01:59,VFL Paris  -  VFL Lisbon,0:1,0:1
15/08/18 01:59,VFL Madrid  -  VFL London,1:1,1:1
15/08/18 01:59,VFL Copenhagen  -  VFL Athens,1:0,2:0
15/08/18 01:59,VFL Vienna  -  VFL Brussels,1:2,1:4
15/08/18 02:03,VFL Brussels  -  VFL Paris,1:1,2:1
15/08/18 02:03,VFL Athens  -  VFL Oslo,0:2,2:3
15/08/18 02:03,VFL Bern  -  VFL London,0:1,0:3
15/08/18 02:03,VFL Lisbon  -  VFL Ankara,0:1,0:3
15/08/18 02:03,VFL Edinburgh  -  VFL Copenhagen,0:1,0:2
15/08/18 02:03,VFL Berlin  -  VFL Madrid,1:0,3:0
15/08/18 02:03,VFL Stockholm  -  VFL Vienna,0:0,0:1
15/08/18 02:03,VFL Amsterdam  -  VFL Rome,2:0,4:1
15/08/18 02:08,VFL Madrid  -  VFL Amsterdam,2:1,4:1
15/08/18 02:08,VFL Copenhagen  -  VFL Lisbon,1:0,1:0
15/08/18 02:08,VFL Vienna  -  VFL Bern,0:0,1:1
15/08/18 02:08,VFL Ankara  -  VFL Brussels,1:0,1:2
15/08/18 02:08,VFL Paris  -  VFL Stockholm,2:0,3:1
15/08/18 02:08,VFL Rome  -  VFL Athens,1:0,1:0
15/08/18 02:08,VFL Oslo  -  VFL Edinburgh,0:0,1:0
15/08/18 02:08,VFL London  -  VFL Berlin,0:1,0:2
15/08/18 02:13,VFL Edinburgh  -  VFL Rome,0:2,1:3
15/08/18 02:13,VFL Vienna  -  VFL Paris,0:1,0:2
15/08/18 02:13,VFL Athens  -  VFL Madrid,0:2,1:5
15/08/18 02:13,VFL Amsterdam  -  VFL London,0:0,2:0
15/08/18 02:13,VFL Stockholm  -  VFL Ankara,0:1,1:1
15/08/18 02:13,VFL Lisbon  -  VFL Oslo,0:0,0:0
15/08/18 02:13,VFL Brussels  -  VFL Copenhagen,1:0,1:2
15/08/18 02:13,VFL Bern  -  VFL Berlin,1:2,1:3
15/08/18 02:17,VFL London  -  VFL Athens,0:2,0:3
15/08/18 02:17,VFL Madrid  -  VFL Edinburgh,2:0,4:1
15/08/18 02:17,VFL Berlin  -  VFL Amsterdam,3:0,5:0
15/08/18 02:17,VFL Paris  -  VFL Bern,2:0,2:0
15/08/18 02:17,VFL Oslo  -  VFL Brussels,1:1,1:1
15/08/18 02:17,VFL Ankara  -  VFL Vienna,1:0,1:0
15/08/18 02:17,VFL Rome  -  VFL Lisbon,0:1,1:2
15/08/18 02:17,VFL Copenhagen  -  VFL Stockholm,0:2,0:3
15/08/18 02:22,VFL Athens  -  VFL Berlin,0:2,0:4
15/08/18 02:22,VFL Vienna  -  VFL Copenhagen,0:0,0:0
15/08/18 02:22,VFL Lisbon  -  VFL Madrid,0:1,0:1
15/08/18 02:22,VFL Edinburgh  -  VFL London,1:1,2:1
15/08/18 02:22,VFL Bern  -  VFL Amsterdam,0:2,0:4
15/08/18 02:22,VFL Brussels  -  VFL Rome,0:0,1:1
15/08/18 02:22,VFL Paris  -  VFL Ankara,0:0,0:0
15/08/18 02:22,VFL Stockholm  -  VFL Oslo,1:1,3:1
15/08/18 02:26,VFL Madrid  -  VFL Brussels,0:0,0:0
15/08/18 02:26,VFL Berlin  -  VFL Edinburgh,0:0,0:1
15/08/18 02:26,VFL Ankara  -  VFL Bern,1:0,2:1
15/08/18 02:26,VFL London  -  VFL Lisbon,1:0,2:1
15/08/18 02:26,VFL Amsterdam  -  VFL Athens,3:1,3:1
15/08/18 02:26,VFL Copenhagen  -  VFL Paris,1:0,1:0
15/08/18 02:26,VFL Oslo  -  VFL Vienna,1:1,2:2
15/08/18 02:26,VFL Rome  -  VFL Stockholm,1:1,2:1
15/08/18 02:31,VFL Vienna  -  VFL Rome,0:1,0:2
15/08/18 02:31,VFL Brussels  -  VFL London,0:2,0:3
15/08/18 02:31,VFL Bern  -  VFL Athens,1:1,1:1
15/08/18 02:31,VFL Stockholm  -  VFL Madrid,0:1,2:1
15/08/18 02:31,VFL Edinburgh  -  VFL Amsterdam,0:0,1:0
15/08/18 02:31,VFL Lisbon  -  VFL Berlin,2:1,3:1
15/08/18 02:31,VFL Paris  -  VFL Oslo,0:0,2:0
15/08/18 02:31,VFL Ankara  -  VFL Copenhagen,0:0,1:1
14/08/18 21:57,VFL Rome  -  VFL Bern,2:1,2:1
14/08/18 21:57,VFL Ankara  -  VFL Edinburgh,2:0,3:0
14/08/18 21:57,VFL Madrid  -  VFL London,0:3,0:4
14/08/18 21:57,VFL Brussels  -  VFL Lisbon,0:1,0:1
14/08/18 21:57,VFL Paris  -  VFL Oslo,1:2,2:2
14/08/18 21:57,VFL Berlin  -  VFL Vienna,3:0,3:0
14/08/18 21:57,VFL Copenhagen  -  VFL Amsterdam,0:0,0:0
14/08/18 21:57,VFL Athens  -  VFL Stockholm,1:0,3:1
14/08/18 22:02,VFL Amsterdam  -  VFL Ankara,1:0,2:1
14/08/18 22:02,VFL London  -  VFL Brussels,1:0,1:0
14/08/18 22:02,VFL Bern  -  VFL Berlin,1:1,1:1
14/08/18 22:02,VFL Edinburgh  -  VFL Athens,0:1,0:1
14/08/18 22:02,VFL Stockholm  -  VFL Paris,1:0,1:1
14/08/18 22:02,VFL Oslo  -  VFL Madrid,0:0,2:0
14/08/18 22:02,VFL Vienna  -  VFL Copenhagen,0:1,0:1
14/08/18 22:02,VFL Lisbon  -  VFL Rome,0:1,2:2
14/08/18 22:06,VFL Ankara  -  VFL Vienna,0:1,1:2
14/08/18 22:06,VFL Berlin  -  VFL Lisbon,0:0,0:0
14/08/18 22:06,VFL Edinburgh  -  VFL Stockholm,2:0,2:0
14/08/18 22:06,VFL Copenhagen  -  VFL Bern,1:0,1:0
14/08/18 22:06,VFL Brussels  -  VFL Oslo,1:0,2:0
14/08/18 22:06,VFL Madrid  -  VFL Paris,1:0,3:0
14/08/18 22:06,VFL Rome  -  VFL London,1:1,2:2
14/08/18 22:06,VFL Athens  -  VFL Amsterdam,1:1,1:2
14/08/18 22:11,VFL London  -  VFL Berlin,2:0,2:1
14/08/18 22:11,VFL Lisbon  -  VFL Copenhagen,2:0,2:1
14/08/18 22:11,VFL Oslo  -  VFL Rome,1:0,3:0
14/08/18 22:11,VFL Stockholm  -  VFL Madrid,0:0,0:0
14/08/18 22:11,VFL Paris  -  VFL Brussels,1:1,2:2
14/08/18 22:11,VFL Amsterdam  -  VFL Edinburgh,0:0,0:0
14/08/18 22:11,VFL Bern  -  VFL Ankara,0:0,1:1
14/08/18 22:11,VFL Vienna  -  VFL Athens,1:1,1:2
14/08/18 22:15,VFL Edinburgh  -  VFL Vienna,0:1,1:1
14/08/18 22:15,VFL Athens  -  VFL Bern,1:0,6:0
14/08/18 22:15,VFL Rome  -  VFL Paris,3:0,3:1
14/08/18 22:15,VFL Ankara  -  VFL Lisbon,1:1,2:1
14/08/18 22:15,VFL Amsterdam  -  VFL Stockholm,1:0,2:1
14/08/18 22:15,VFL Brussels  -  VFL Madrid,2:0,3:0
14/08/18 22:15,VFL Berlin  -  VFL Oslo,1:2,3:2
14/08/18 22:15,VFL Copenhagen  -  VFL London,0:0,0:1
14/08/18 22:20,VFL Bern  -  VFL Edinburgh,2:2,3:2
14/08/18 22:20,VFL Lisbon  -  VFL Athens,3:0,4:0
14/08/18 22:20,VFL Madrid  -  VFL Rome,1:0,1:0
14/08/18 22:20,VFL Oslo  -  VFL Copenhagen,1:0,2:0
14/08/18 22:20,VFL Paris  -  VFL Berlin,2:0,3:1
14/08/18 22:20,VFL Stockholm  -  VFL Brussels,0:1,0:2
14/08/18 22:20,VFL London  -  VFL Ankara,2:1,4:1
14/08/18 22:20,VFL Vienna  -  VFL Amsterdam,0:3,0:3
14/08/18 22:25,VFL Copenhagen  -  VFL Paris,1:0,1:1
14/08/18 22:25,VFL Berlin  -  VFL Madrid,0:0,2:1
14/08/18 22:25,VFL Vienna  -  VFL Stockholm,1:1,2:1
14/08/18 22:25,VFL Athens  -  VFL London,1:0,1:3
14/08/18 22:25,VFL Rome  -  VFL Brussels,1:1,2:1
14/08/18 22:25,VFL Ankara  -  VFL Oslo,2:0,4:0
14/08/18 22:25,VFL Amsterdam  -  VFL Bern,0:1,1:2
14/08/18 22:25,VFL Edinburgh  -  VFL Lisbon,0:0,0:0
14/08/18 22:29,VFL Bern  -  VFL Vienna,1:0,1:0
14/08/18 22:29,VFL Lisbon  -  VFL Amsterdam,1:0,1:0
14/08/18 22:29,VFL London  -  VFL Edinburgh,1:0,1:0
14/08/18 22:29,VFL Brussels  -  VFL Berlin,0:0,0:1
14/08/18 22:29,VFL Stockholm  -  VFL Rome,2:1,3:2
14/08/18 22:29,VFL Oslo  -  VFL Athens,1:0,2:1
14/08/18 22:29,VFL Paris  -  VFL Ankara,0:1,0:1
14/08/18 22:29,VFL Madrid  -  VFL Copenhagen,1:1,2:1
14/08/18 22:34,VFL Copenhagen  -  VFL Brussels,0:0,1:0
14/08/18 22:34,VFL Athens  -  VFL Paris,0:0,1:0
14/08/18 22:34,VFL Edinburgh  -  VFL Oslo,1:0,1:3
14/08/18 22:34,VFL Ankara  -  VFL Madrid,0:1,0:3
14/08/18 22:34,VFL Berlin  -  VFL Rome,1:0,1:0
14/08/18 22:34,VFL Bern  -  VFL Stockholm,0:1,0:2
14/08/18 22:34,VFL Amsterdam  -  VFL London,2:0,2:1
14/08/18 22:34,VFL Vienna  -  VFL Lisbon,0:1,0:1
14/08/18 22:38,VFL Lisbon  -  VFL Bern,1:0,2:0
14/08/18 22:38,VFL Madrid  -  VFL Athens,0:1,0:2
14/08/18 22:38,VFL London  -  VFL Vienna,0:0,0:0
14/08/18 22:38,VFL Paris  -  VFL Edinburgh,0:0,0:0
14/08/18 22:38,VFL Stockholm  -  VFL Berlin,0:1,1:1
14/08/18 22:38,VFL Oslo  -  VFL Amsterdam,0:1,0:1
14/08/18 22:38,VFL Rome  -  VFL Copenhagen,2:0,3:0
14/08/18 22:38,VFL Brussels  -  VFL Ankara,1:0,1:1
14/08/18 22:43,VFL Bern  -  VFL London,0:0,1:2
14/08/18 22:43,VFL Edinburgh  -  VFL Madrid,0:2,0:2
14/08/18 22:43,VFL Copenhagen  -  VFL Berlin,0:0,0:0
14/08/18 22:43,VFL Amsterdam  -  VFL Paris,1:2,1:2
14/08/18 22:43,VFL Athens  -  VFL Brussels,0:0,0:1
14/08/18 22:43,VFL Lisbon  -  VFL Stockholm,1:1,2:1
14/08/18 22:43,VFL Ankara  -  VFL Rome,1:1,1:3
14/08/18 22:43,VFL Vienna  -  VFL Oslo,1:1,2:2
14/08/18 22:47,VFL London  -  VFL Lisbon,3:0,4:1
14/08/18 22:47,VFL Paris  -  VFL Vienna,0:0,3:0
14/08/18 22:47,VFL Madrid  -  VFL Amsterdam,0:1,0:1
14/08/18 22:47,VFL Berlin  -  VFL Ankara,0:0,1:1
14/08/18 22:47,VFL Stockholm  -  VFL Copenhagen,1:0,2:0
14/08/18 22:47,VFL Oslo  -  VFL Bern,2:0,4:0
14/08/18 22:47,VFL Brussels  -  VFL Edinburgh,0:0,1:0
14/08/18 22:47,VFL Rome  -  VFL Athens,0:1,1:2
14/08/18 22:52,VFL Vienna  -  VFL Madrid,1:1,2:1
14/08/18 22:52,VFL Edinburgh  -  VFL Rome,0:1,1:2
14/08/18 22:52,VFL Bern  -  VFL Paris,1:1,1:1
14/08/18 22:52,VFL Amsterdam  -  VFL Brussels,1:0,1:0
14/08/18 22:52,VFL Lisbon  -  VFL Oslo,0:1,1:1
14/08/18 22:52,VFL Ankara  -  VFL Copenhagen,0:0,1:0
14/08/18 22:52,VFL Athens  -  VFL Berlin,0:0,2:1
14/08/18 22:52,VFL London  -  VFL Stockholm,1:0,3:2
14/08/18 22:57,VFL Copenhagen  -  VFL Athens,0:1,0:1
14/08/18 22:57,VFL Paris  -  VFL Lisbon,1:0,2:0
14/08/18 22:57,VFL Berlin  -  VFL Edinburgh,1:0,2:0
14/08/18 22:57,VFL Brussels  -  VFL Vienna,2:0,3:0
14/08/18 22:57,VFL Stockholm  -  VFL Ankara,2:0,3:1
14/08/18 22:57,VFL Oslo  -  VFL London,1:1,3:2
14/08/18 22:57,VFL Madrid  -  VFL Bern,1:0,2:0
14/08/18 22:57,VFL Rome  -  VFL Amsterdam,0:3,1:3
14/08/18 23:01,VFL Amsterdam  -  VFL Berlin,2:1,3:1
14/08/18 23:01,VFL Vienna  -  VFL Rome,1:0,2:0
14/08/18 23:01,VFL Athens  -  VFL Ankara,2:0,3:1
14/08/18 23:01,VFL Edinburgh  -  VFL Copenhagen,1:0,1:0
14/08/18 23:01,VFL Lisbon  -  VFL Madrid,2:1,2:1
14/08/18 23:01,VFL Oslo  -  VFL Stockholm,0:0,2:0
14/08/18 23:01,VFL London  -  VFL Paris,0:1,1:1
14/08/18 23:01,VFL Bern  -  VFL Brussels,2:0,2:0
14/08/18 23:06,VFL Amsterdam  -  VFL Copenhagen,1:0,3:1
14/08/18 23:06,VFL Vienna  -  VFL Berlin,0:0,1:1
14/08/18 23:06,VFL Oslo  -  VFL Paris,0:1,1:2
14/08/18 23:06,VFL Stockholm  -  VFL Athens,0:0,0:1
14/08/18 23:06,VFL Lisbon  -  VFL Brussels,0:0,0:1
14/08/18 23:06,VFL London  -  VFL Madrid,3:0,3:2
14/08/18 23:06,VFL Bern  -  VFL Rome,0:1,1:1
14/08/18 23:06,VFL Edinburgh  -  VFL Ankara,0:1,0:1
14/08/18 23:10,VFL Copenhagen  -  VFL Vienna,0:0,1:0
14/08/18 23:10,VFL Rome  -  VFL Lisbon,1:1,1:1
14/08/18 23:10,VFL Paris  -  VFL Stockholm,3:0,3:0
14/08/18 23:10,VFL Madrid  -  VFL Oslo,2:0,3:1
14/08/18 23:10,VFL Berlin  -  VFL Bern,4:0,4:0
14/08/18 23:10,VFL Brussels  -  VFL London,1:1,2:2
14/08/18 23:10,VFL Athens  -  VFL Edinburgh,2:0,2:1
14/08/18 23:10,VFL Ankara  -  VFL Amsterdam,1:1,2:2
14/08/18 23:15,VFL London  -  VFL Rome,1:1,1:1
14/08/18 23:15,VFL Lisbon  -  VFL Berlin,0:0,0:0
14/08/18 23:15,VFL Paris  -  VFL Madrid,1:0,1:2
14/08/18 23:15,VFL Oslo  -  VFL Brussels,0:0,0:0
14/08/18 23:15,VFL Stockholm  -  VFL Edinburgh,0:0,0:1
14/08/18 23:15,VFL Bern  -  VFL Copenhagen,1:1,1:1
14/08/18 23:15,VFL Vienna  -  VFL Ankara,0:0,1:0
14/08/18 23:15,VFL Amsterdam  -  VFL Athens,1:0,2:0
14/08/18 23:20,VFL Madrid  -  VFL Stockholm,2:1,2:1
14/08/18 23:20,VFL Brussels  -  VFL Paris,0:0,0:3
14/08/18 23:20,VFL Ankara  -  VFL Bern,0:0,0:1
14/08/18 23:20,VFL Rome  -  VFL Oslo,0:2,1:2
14/08/18 23:20,VFL Berlin  -  VFL London,0:0,1:0
14/08/18 23:20,VFL Edinburgh  -  VFL Amsterdam,0:0,1:0
14/08/18 23:20,VFL Copenhagen  -  VFL Lisbon,0:0,0:0
14/08/18 23:20,VFL Athens  -  VFL Vienna,3:0,6:0
14/08/18 23:24,VFL London  -  VFL Copenhagen,1:0,1:0
14/08/18 23:24,VFL Oslo  -  VFL Berlin,1:0,2:1
14/08/18 23:24,VFL Stockholm  -  VFL Amsterdam,0:2,0:4
14/08/18 23:24,VFL Bern  -  VFL Athens,0:0,1:1
14/08/18 23:24,VFL Paris  -  VFL Rome,1:1,1:2
14/08/18 23:24,VFL Madrid  -  VFL Brussels,1:1,3:2
14/08/18 23:24,VFL Vienna  -  VFL Edinburgh,1:1,1:1
14/08/18 23:24,VFL Lisbon  -  VFL Ankara,1:1,2:1
14/08/18 23:29,VFL Brussels  -  VFL Stockholm,0:0,2:0
14/08/18 23:29,VFL Berlin  -  VFL Paris,1:1,1:2
14/08/18 23:29,VFL Edinburgh  -  VFL Bern,0:0,1:1
14/08/18 23:29,VFL Ankara  -  VFL London,1:2,2:3
14/08/18 23:29,VFL Amsterdam  -  VFL Vienna,1:0,1:1
14/08/18 23:29,VFL Rome  -  VFL Madrid,0:2,1:2
14/08/18 23:29,VFL Copenhagen  -  VFL Oslo,0:0,0:4
14/08/18 23:29,VFL Athens  -  VFL Lisbon,0:0,1:1
14/08/18 23:33,VFL Brussels  -  VFL Rome,0:0,1:0
14/08/18 23:33,VFL Madrid  -  VFL Berlin,2:1,2:2
14/08/18 23:33,VFL Lisbon  -  VFL Edinburgh,1:1,3:1
14/08/18 23:33,VFL London  -  VFL Athens,3:0,4:2
14/08/18 23:33,VFL Bern  -  VFL Amsterdam,0:1,0:3
14/08/18 23:33,VFL Oslo  -  VFL Ankara,1:0,2:0
14/08/18 23:33,VFL Paris  -  VFL Copenhagen,0:0,3:1
14/08/18 23:33,VFL Stockholm  -  VFL Vienna,1:0,1:2
14/08/18 23:38,VFL Copenhagen  -  VFL Madrid,0:0,0:0
14/08/18 23:38,VFL Vienna  -  VFL Bern,1:0,1:0
14/08/18 23:38,VFL Rome  -  VFL Stockholm,0:1,1:2
14/08/18 23:38,VFL Athens  -  VFL Oslo,0:3,1:3
14/08/18 23:38,VFL Edinburgh  -  VFL London,1:0,1:0
14/08/18 23:38,VFL Ankara  -  VFL Paris,0:0,1:0
14/08/18 23:38,VFL Amsterdam  -  VFL Lisbon,2:0,3:1
14/08/18 23:38,VFL Berlin  -  VFL Brussels,0:2,2:2
14/08/18 23:42,VFL Stockholm  -  VFL Bern,1:0,3:0
14/08/18 23:42,VFL Madrid  -  VFL Ankara,3:0,3:0
14/08/18 23:42,VFL Paris  -  VFL Athens,0:0,1:0
14/08/18 23:42,VFL London  -  VFL Amsterdam,1:0,2:1
14/08/18 23:42,VFL Brussels  -  VFL Copenhagen,1:1,1:1
14/08/18 23:42,VFL Rome  -  VFL Berlin,1:0,1:0
14/08/18 23:42,VFL Oslo  -  VFL Edinburgh,0:0,1:0
14/08/18 23:42,VFL Lisbon  -  VFL Vienna,1:0,2:0
14/08/18 23:47,VFL Bern  -  VFL Lisbon,1:0,1:0
14/08/18 23:47,VFL Copenhagen  -  VFL Rome,0:1,0:2
14/08/18 23:47,VFL Athens  -  VFL Madrid,0:1,1:1
14/08/18 23:47,VFL Vienna  -  VFL London,0:3,0:5
14/08/18 23:47,VFL Amsterdam  -  VFL Oslo,2:0,2:0
14/08/18 23:47,VFL Ankara  -  VFL Brussels,0:1,1:2
14/08/18 23:47,VFL Edinburgh  -  VFL Paris,1:1,1:1
14/08/18 23:47,VFL Berlin  -  VFL Stockholm,0:2,1:2
14/08/18 23:52,VFL Rome  -  VFL Ankara,0:0,1:2
14/08/18 23:52,VFL Oslo  -  VFL Vienna,0:0,0:0
14/08/18 23:52,VFL Brussels  -  VFL Athens,2:0,2:0
14/08/18 23:52,VFL London  -  VFL Bern,2:0,2:1
14/08/18 23:52,VFL Stockholm  -  VFL Lisbon,0:0,0:2
14/08/18 23:52,VFL Madrid  -  VFL Edinburgh,2:0,3:0
14/08/18 23:52,VFL Berlin  -  VFL Copenhagen,2:0,4:0
14/08/18 23:52,VFL Paris  -  VFL Amsterdam,1:2,1:5
14/08/18 23:56,VFL Amsterdam  -  VFL Madrid,0:2,1:3
14/08/18 23:56,VFL Bern  -  VFL Oslo,0:1,0:1
14/08/18 23:56,VFL Lisbon  -  VFL London,1:1,3:1
14/08/18 23:56,VFL Copenhagen  -  VFL Stockholm,1:1,1:2
14/08/18 23:56,VFL Edinburgh  -  VFL Brussels,0:0,0:1
14/08/18 23:56,VFL Athens  -  VFL Rome,1:0,1:1
14/08/18 23:56,VFL Vienna  -  VFL Paris,0:1,1:1
14/08/18 23:56,VFL Ankara  -  VFL Berlin,0:1,0:4
15/08/18 00:01,VFL Stockholm  -  VFL London,2:1,4:1
15/08/18 00:01,VFL Copenhagen  -  VFL Ankara,1:1,1:1
15/08/18 00:01,VFL Madrid  -  VFL Vienna,1:1,3:1
15/08/18 00:01,VFL Paris  -  VFL Bern,2:1,4:3
15/08/18 00:01,VFL Berlin  -  VFL Athens,0:1,2:1
15/08/18 00:01,VFL Rome  -  VFL Edinburgh,2:0,4:0
15/08/18 00:01,VFL Brussels  -  VFL Amsterdam,2:0,3:0
15/08/18 00:01,VFL Oslo  -  VFL Lisbon,0:0,0:0
15/08/18 00:05,VFL Vienna  -  VFL Brussels,0:1,0:1
15/08/18 00:05,VFL Edinburgh  -  VFL Berlin,1:0,1:0
15/08/18 00:05,VFL Athens  -  VFL Copenhagen,1:0,1:0
15/08/18 00:05,VFL Amsterdam  -  VFL Rome,0:0,1:0
15/08/18 00:05,VFL Bern  -  VFL Madrid,0:2,0:3
15/08/18 00:05,VFL Ankara  -  VFL Stockholm,0:1,2:1
15/08/18 00:05,VFL London  -  VFL Oslo,1:1,1:1
15/08/18 00:05,VFL Lisbon  -  VFL Paris,0:0,2:1
15/08/18 00:10,VFL Paris  -  VFL London,0:1,2:2
15/08/18 00:10,VFL Ankara  -  VFL Athens,0:1,0:2
15/08/18 00:10,VFL Madrid  -  VFL Lisbon,1:0,3:0
15/08/18 00:10,VFL Rome  -  VFL Vienna,0:0,2:0
15/08/18 00:10,VFL Brussels  -  VFL Bern,1:0,3:0
15/08/18 00:10,VFL Copenhagen  -  VFL Edinburgh,1:0,1:0
15/08/18 00:10,VFL Berlin  -  VFL Amsterdam,0:1,1:2
15/08/18 00:10,VFL Stockholm  -  VFL Oslo,0:1,1:3
14/08/18 19:36,VFL Stockholm  -  VFL London,0:0,0:0
14/08/18 19:36,VFL Copenhagen  -  VFL Oslo,2:1,3:1
14/08/18 19:36,VFL Edinburgh  -  VFL Madrid,0:1,1:2
14/08/18 19:36,VFL Ankara  -  VFL Paris,1:2,2:4
14/08/18 19:36,VFL Vienna  -  VFL Athens,0:0,0:0
14/08/18 19:36,VFL Amsterdam  -  VFL Brussels,1:1,1:2
14/08/18 19:36,VFL Berlin  -  VFL Rome,0:0,0:1
14/08/18 19:36,VFL Bern  -  VFL Lisbon,1:0,1:1
14/08/18 19:41,VFL Brussels  -  VFL Bern,0:1,1:1
14/08/18 19:41,VFL Lisbon  -  VFL Stockholm,0:1,0:2
14/08/18 19:41,VFL Oslo  -  VFL Amsterdam,0:0,1:0
14/08/18 19:41,VFL London  -  VFL Ankara,2:0,4:0
14/08/18 19:41,VFL Madrid  -  VFL Berlin,1:0,3:1
14/08/18 19:41,VFL Paris  -  VFL Edinburgh,1:0,2:0
14/08/18 19:41,VFL Rome  -  VFL Vienna,0:0,0:0
14/08/18 19:41,VFL Athens  -  VFL Copenhagen,1:0,2:1
14/08/18 19:45,VFL Copenhagen  -  VFL Rome,1:0,1:0
14/08/18 19:45,VFL Amsterdam  -  VFL Athens,3:1,4:2
14/08/18 19:45,VFL Bern  -  VFL Oslo,0:0,0:2
14/08/18 19:45,VFL Brussels  -  VFL Lisbon,0:1,2:1
14/08/18 19:45,VFL Edinburgh  -  VFL London,1:1,2:2
14/08/18 19:45,VFL Vienna  -  VFL Madrid,0:1,0:2
14/08/18 19:45,VFL Berlin  -  VFL Paris,0:1,0:2
14/08/18 19:45,VFL Ankara  -  VFL Stockholm,0:1,1:1
14/08/18 19:50,VFL Stockholm  -  VFL Edinburgh,1:0,2:2
14/08/18 19:50,VFL Lisbon  -  VFL Ankara,1:0,3:0
14/08/18 19:50,VFL Rome  -  VFL Amsterdam,1:1,2:3
14/08/18 19:50,VFL Athens  -  VFL Bern,0:1,0:1
14/08/18 19:50,VFL Paris  -  VFL Vienna,0:2,0:2
14/08/18 19:50,VFL Oslo  -  VFL Brussels,0:0,0:0
14/08/18 19:50,VFL Madrid  -  VFL Copenhagen,0:0,2:0
14/08/18 19:50,VFL London  -  VFL Berlin,0:0,1:2
14/08/18 19:54,VFL Copenhagen  -  VFL Paris,0:1,1:2
14/08/18 19:54,VFL Berlin  -  VFL Stockholm,0:1,2:1
14/08/18 19:54,VFL Bern  -  VFL Rome,0:1,0:1
14/08/18 19:54,VFL Edinburgh  -  VFL Ankara,0:0,0:0
14/08/18 19:54,VFL Oslo  -  VFL Lisbon,1:2,2:2
14/08/18 19:54,VFL Amsterdam  -  VFL Madrid,2:0,2:1
14/08/18 19:54,VFL Brussels  -  VFL Athens,0:0,0:0
14/08/18 19:54,VFL Vienna  -  VFL London,2:1,2:3
14/08/18 19:59,VFL Madrid  -  VFL Bern,2:1,3:1
14/08/18 19:59,VFL Ankara  -  VFL Berlin,0:0,0:1
14/08/18 19:59,VFL Paris  -  VFL Amsterdam,1:2,1:2
14/08/18 19:59,VFL Lisbon  -  VFL Edinburgh,1:0,1:0
14/08/18 19:59,VFL Athens  -  VFL Oslo,0:0,0:0
14/08/18 19:59,VFL London  -  VFL Copenhagen,1:0,1:0
14/08/18 19:59,VFL Stockholm  -  VFL Vienna,1:0,2:0
14/08/18 19:59,VFL Rome  -  VFL Brussels,0:0,0:1
14/08/18 20:04,VFL Brussels  -  VFL Madrid,1:0,1:1
14/08/18 20:04,VFL Bern  -  VFL Paris,1:0,2:1
14/08/18 20:04,VFL Vienna  -  VFL Ankara,0:0,1:2
14/08/18 20:04,VFL Berlin  -  VFL Edinburgh,3:0,4:1
14/08/18 20:04,VFL Amsterdam  -  VFL London,0:1,1:2
14/08/18 20:04,VFL Oslo  -  VFL Rome,2:1,3:1
14/08/18 20:04,VFL Athens  -  VFL Lisbon,0:2,2:2
14/08/18 20:04,VFL Copenhagen  -  VFL Stockholm,0:1,0:1
14/08/18 20:08,VFL Lisbon  -  VFL Berlin,0:0,0:1
14/08/18 20:08,VFL Rome  -  VFL Athens,1:1,1:1
14/08/18 20:08,VFL Paris  -  VFL Brussels,3:1,3:2
14/08/18 20:08,VFL London  -  VFL Bern,1:1,2:1
14/08/18 20:08,VFL Ankara  -  VFL Copenhagen,1:0,1:0
14/08/18 20:08,VFL Edinburgh  -  VFL Vienna,0:0,1:0
14/08/18 20:08,VFL Madrid  -  VFL Oslo,0:0,2:1
14/08/18 20:08,VFL Stockholm  -  VFL Amsterdam,0:0,0:1
14/08/18 20:13,VFL Oslo  -  VFL Paris,0:0,0:1
14/08/18 20:13,VFL Amsterdam  -  VFL Ankara,1:0,3:1
14/08/18 20:13,VFL Bern  -  VFL Stockholm,0:0,0:1
14/08/18 20:13,VFL Athens  -  VFL Madrid,1:0,2:0
14/08/18 20:13,VFL Brussels  -  VFL London,1:2,1:3
14/08/18 20:13,VFL Copenhagen  -  VFL Edinburgh,1:0,3:0
14/08/18 20:13,VFL Vienna  -  VFL Berlin,0:2,0:4
14/08/18 20:13,VFL Rome  -  VFL Lisbon,0:0,1:1
14/08/18 20:17,VFL Madrid  -  VFL Rome,2:0,3:0
14/08/18 20:17,VFL Stockholm  -  VFL Brussels,1:1,1:1
14/08/18 20:17,VFL Edinburgh  -  VFL Amsterdam,1:1,1:1
14/08/18 20:17,VFL Berlin  -  VFL Copenhagen,0:0,0:0
14/08/18 20:17,VFL Paris  -  VFL Athens,1:1,1:1
14/08/18 20:17,VFL Ankara  -  VFL Bern,0:1,0:2
14/08/18 20:17,VFL Lisbon  -  VFL Vienna,1:0,1:0
14/08/18 20:17,VFL London  -  VFL Oslo,0:0,0:0
14/08/18 20:22,VFL Amsterdam  -  VFL Berlin,1:1,1:1
14/08/18 20:22,VFL Athens  -  VFL London,0:1,0:3
14/08/18 20:22,VFL Copenhagen  -  VFL Vienna,1:0,1:2
14/08/18 20:22,VFL Oslo  -  VFL Stockholm,1:2,1:3
14/08/18 20:22,VFL Brussels  -  VFL Ankara,2:1,5:1
14/08/18 20:22,VFL Bern  -  VFL Edinburgh,0:0,0:2
14/08/18 20:22,VFL Madrid  -  VFL Lisbon,1:1,3:1
14/08/18 20:22,VFL Rome  -  VFL Paris,2:0,2:1
14/08/18 20:26,VFL Vienna  -  VFL Amsterdam,0:2,2:2
14/08/18 20:26,VFL Lisbon  -  VFL Copenhagen,0:0,1:0
14/08/18 20:26,VFL Ankara  -  VFL Oslo,0:1,3:1
14/08/18 20:26,VFL Stockholm  -  VFL Athens,3:0,3:0
14/08/18 20:26,VFL London  -  VFL Rome,1:1,4:1
14/08/18 20:26,VFL Edinburgh  -  VFL Brussels,0:3,1:5
14/08/18 20:26,VFL Paris  -  VFL Madrid,1:0,2:1
14/08/18 20:26,VFL Berlin  -  VFL Bern,0:0,1:0
14/08/18 20:31,VFL Paris  -  VFL Lisbon,1:0,1:0
14/08/18 20:31,VFL Bern  -  VFL Vienna,0:1,1:1
14/08/18 20:31,VFL Amsterdam  -  VFL Copenhagen,2:0,4:0
14/08/18 20:31,VFL Brussels  -  VFL Berlin,0:0,0:0
14/08/18 20:31,VFL Madrid  -  VFL London,1:1,1:1
14/08/18 20:31,VFL Rome  -  VFL Stockholm,1:0,3:1
14/08/18 20:31,VFL Athens  -  VFL Ankara,1:0,2:2
14/08/18 20:31,VFL Oslo  -  VFL Edinburgh,0:0,1:0
14/08/18 20:36,VFL Vienna  -  VFL Brussels,1:0,2:0
14/08/18 20:36,VFL Stockholm  -  VFL Madrid,1:1,1:2
14/08/18 20:36,VFL Lisbon  -  VFL Amsterdam,1:1,2:1
14/08/18 20:36,VFL Copenhagen  -  VFL Bern,0:2,0:4
14/08/18 20:36,VFL Berlin  -  VFL Oslo,1:2,1:2
14/08/18 20:36,VFL Ankara  -  VFL Rome,0:0,0:0
14/08/18 20:36,VFL Edinburgh  -  VFL Athens,1:0,1:1
14/08/18 20:36,VFL London  -  VFL Paris,0:0,1:0
14/08/18 20:40,VFL Athens  -  VFL Berlin,0:1,1:2
14/08/18 20:40,VFL Paris  -  VFL Stockholm,0:0,2:0
14/08/18 20:40,VFL Madrid  -  VFL Ankara,1:0,1:1
14/08/18 20:40,VFL Brussels  -  VFL Copenhagen,2:0,3:1
14/08/18 20:40,VFL Bern  -  VFL Amsterdam,0:1,0:2
14/08/18 20:40,VFL Oslo  -  VFL Vienna,1:0,1:1
14/08/18 20:40,VFL London  -  VFL Lisbon,0:0,0:1
14/08/18 20:40,VFL Rome  -  VFL Edinburgh,0:0,0:0
14/08/18 20:45,VFL Oslo  -  VFL Copenhagen,2:0,4:0
14/08/18 20:45,VFL Athens  -  VFL Vienna,1:0,4:0
14/08/18 20:45,VFL Madrid  -  VFL Edinburgh,1:1,2:1
14/08/18 20:45,VFL Rome  -  VFL Berlin,0:1,0:2
14/08/18 20:45,VFL Brussels  -  VFL Amsterdam,1:0,1:0
14/08/18 20:45,VFL Lisbon  -  VFL Bern,1:1,5:1
14/08/18 20:45,VFL London  -  VFL Stockholm,0:1,1:2
14/08/18 20:45,VFL Paris  -  VFL Ankara,1:0,3:0
14/08/18 20:49,VFL Ankara  -  VFL London,1:1,1:5
14/08/18 20:49,VFL Vienna  -  VFL Rome,1:0,1:1
14/08/18 20:49,VFL Amsterdam  -  VFL Oslo,2:2,2:2
14/08/18 20:49,VFL Berlin  -  VFL Madrid,1:0,2:0
14/08/18 20:49,VFL Copenhagen  -  VFL Athens,0:2,0:2
14/08/18 20:49,VFL Stockholm  -  VFL Lisbon,0:0,3:1
14/08/18 20:49,VFL Edinburgh  -  VFL Paris,0:2,1:2
14/08/18 20:49,VFL Bern  -  VFL Brussels,1:0,2:0
14/08/18 20:54,VFL Lisbon  -  VFL Brussels,0:0,0:0
14/08/18 20:54,VFL Athens  -  VFL Amsterdam,1:2,1:4
14/08/18 20:54,VFL Paris  -  VFL Berlin,0:0,0:0
14/08/18 20:54,VFL Oslo  -  VFL Bern,1:0,1:1
14/08/18 20:54,VFL Madrid  -  VFL Vienna,0:0,1:0
14/08/18 20:54,VFL Stockholm  -  VFL Ankara,0:0,1:1
14/08/18 20:54,VFL London  -  VFL Edinburgh,4:0,4:1
14/08/18 20:54,VFL Rome  -  VFL Copenhagen,2:1,3:1
14/08/18 20:59,VFL Vienna  -  VFL Paris,0:0,1:1
14/08/18 20:59,VFL Copenhagen  -  VFL Madrid,0:2,1:3
14/08/18 20:59,VFL Brussels  -  VFL Oslo,0:0,1:0
14/08/18 20:59,VFL Bern  -  VFL Athens,0:0,1:0
14/08/18 20:59,VFL Berlin  -  VFL London,2:1,3:2
14/08/18 20:59,VFL Edinburgh  -  VFL Stockholm,1:1,2:2
14/08/18 20:59,VFL Ankara  -  VFL Lisbon,0:1,2:2
14/08/18 20:59,VFL Amsterdam  -  VFL Rome,1:0,1:0
14/08/18 21:03,VFL Athens  -  VFL Brussels,0:0,1:0
14/08/18 21:03,VFL Stockholm  -  VFL Berlin,1:1,1:2
14/08/18 21:03,VFL Lisbon  -  VFL Oslo,0:1,0:1
14/08/18 21:03,VFL Ankara  -  VFL Edinburgh,0:0,0:0
14/08/18 21:03,VFL Rome  -  VFL Bern,1:1,1:1
14/08/18 21:03,VFL Paris  -  VFL Copenhagen,0:1,1:2
14/08/18 21:03,VFL Madrid  -  VFL Amsterdam,0:0,0:1
14/08/18 21:03,VFL London  -  VFL Vienna,0:0,3:0
14/08/18 21:08,VFL Copenhagen  -  VFL London,0:0,0:2
14/08/18 21:08,VFL Bern  -  VFL Madrid,1:1,2:1
14/08/18 21:08,VFL Oslo  -  VFL Athens,1:1,2:2
14/08/18 21:08,VFL Amsterdam  -  VFL Paris,2:0,4:0
14/08/18 21:08,VFL Vienna  -  VFL Stockholm,1:1,3:1
14/08/18 21:08,VFL Edinburgh  -  VFL Lisbon,0:1,1:1
14/08/18 21:08,VFL Brussels  -  VFL Rome,2:0,2:1
14/08/18 21:08,VFL Berlin  -  VFL Ankara,2:0,3:1
14/08/18 21:12,VFL Edinburgh  -  VFL Berlin,0:1,1:2
14/08/18 21:12,VFL Rome  -  VFL Oslo,0:1,2:1
14/08/18 21:12,VFL Madrid  -  VFL Brussels,0:0,1:0
14/08/18 21:12,VFL London  -  VFL Amsterdam,1:0,2:3
14/08/18 21:12,VFL Lisbon  -  VFL Athens,0:0,0:1
14/08/18 21:12,VFL Stockholm  -  VFL Copenhagen,0:0,1:1
14/08/18 21:12,VFL Paris  -  VFL Bern,2:0,2:0
14/08/18 21:12,VFL Ankara  -  VFL Vienna,0:1,0:1
14/08/18 21:17,VFL Amsterdam  -  VFL Stockholm,0:0,1:0
14/08/18 21:17,VFL Berlin  -  VFL Lisbon,0:1,0:1
14/08/18 21:17,VFL Vienna  -  VFL Edinburgh,1:0,1:1
14/08/18 21:17,VFL Copenhagen  -  VFL Ankara,0:0,0:0
14/08/18 21:17,VFL Athens  -  VFL Rome,1:0,2:1
14/08/18 21:17,VFL Bern  -  VFL London,1:1,1:3
14/08/18 21:17,VFL Brussels  -  VFL Paris,0:1,0:2
14/08/18 21:17,VFL Oslo  -  VFL Madrid,0:0,0:0
14/08/18 21:21,VFL Ankara  -  VFL Amsterdam,1:1,1:2
14/08/18 21:21,VFL Madrid  -  VFL Athens,0:0,2:1
14/08/18 21:21,VFL Stockholm  -  VFL Bern,0:1,3:1
14/08/18 21:21,VFL Berlin  -  VFL Vienna,2:0,4:0
14/08/18 21:21,VFL Edinburgh  -  VFL Copenhagen,0:0,2:0
14/08/18 21:21,VFL London  -  VFL Brussels,0:0,0:1
14/08/18 21:21,VFL Lisbon  -  VFL Rome,2:2,2:3
14/08/18 21:21,VFL Paris  -  VFL Oslo,2:0,2:0
14/08/18 21:26,VFL Copenhagen  -  VFL Berlin,0:1,0:2
14/08/18 21:26,VFL Oslo  -  VFL London,0:2,1:2
14/08/18 21:26,VFL Rome  -  VFL Madrid,1:0,3:1
14/08/18 21:26,VFL Bern  -  VFL Ankara,0:0,1:0
14/08/18 21:26,VFL Brussels  -  VFL Stockholm,0:0,2:0
14/08/18 21:26,VFL Athens  -  VFL Paris,1:1,1:1
14/08/18 21:26,VFL Amsterdam  -  VFL Edinburgh,1:0,4:0
14/08/18 21:26,VFL Vienna  -  VFL Lisbon,1:0,1:1
14/08/18 21:31,VFL Stockholm  -  VFL Oslo,0:1,2:2
14/08/18 21:31,VFL Lisbon  -  VFL Madrid,0:1,0:2
14/08/18 21:31,VFL London  -  VFL Athens,0:1,1:2
14/08/18 21:31,VFL Vienna  -  VFL Copenhagen,0:1,0:1
14/08/18 21:31,VFL Berlin  -  VFL Amsterdam,0:0,2:0
14/08/18 21:31,VFL Paris  -  VFL Rome,0:0,2:0
14/08/18 21:31,VFL Edinburgh  -  VFL Bern,0:0,2:1
14/08/18 21:31,VFL Ankara  -  VFL Brussels,4:1,4:2
14/08/18 21:35,VFL Amsterdam  -  VFL Vienna,2:1,2:1
14/08/18 21:35,VFL Madrid  -  VFL Paris,0:0,0:1
14/08/18 21:35,VFL Athens  -  VFL Stockholm,2:1,4:1
14/08/18 21:35,VFL Oslo  -  VFL Ankara,2:0,2:1
14/08/18 21:35,VFL Rome  -  VFL London,2:2,2:2
14/08/18 21:35,VFL Bern  -  VFL Berlin,1:0,2:2
14/08/18 21:35,VFL Brussels  -  VFL Edinburgh,1:0,2:0
14/08/18 21:35,VFL Copenhagen  -  VFL Lisbon,1:0,1:2
14/08/18 21:40,VFL Vienna  -  VFL Bern,0:1,2:1
14/08/18 21:40,VFL Lisbon  -  VFL Paris,1:2,1:3
14/08/18 21:40,VFL Edinburgh  -  VFL Oslo,0:0,0:0
14/08/18 21:40,VFL Stockholm  -  VFL Rome,0:1,0:2
14/08/18 21:40,VFL Ankara  -  VFL Athens,0:1,0:2
14/08/18 21:40,VFL Berlin  -  VFL Brussels,0:1,3:1
14/08/18 21:40,VFL London  -  VFL Madrid,1:1,1:4
14/08/18 21:40,VFL Copenhagen  -  VFL Amsterdam,0:1,0:2
14/08/18 21:44,VFL Madrid  -  VFL Stockholm,0:0,2:0
14/08/18 21:44,VFL Amsterdam  -  VFL Lisbon,1:0,1:0
14/08/18 21:44,VFL Paris  -  VFL London,2:0,3:2
14/08/18 21:44,VFL Rome  -  VFL Ankara,0:1,1:1
14/08/18 21:44,VFL Bern  -  VFL Copenhagen,0:3,1:5
14/08/18 21:44,VFL Brussels  -  VFL Vienna,1:2,2:3
14/08/18 21:44,VFL Oslo  -  VFL Berlin,1:1,2:2
14/08/18 21:44,VFL Athens  -  VFL Edinburgh,1:0,2:0
14/08/18 21:49,VFL Stockholm  -  VFL Paris,0:0,1:0
14/08/18 21:49,VFL Edinburgh  -  VFL Rome,1:0,2:1
14/08/18 21:49,VFL Berlin  -  VFL Athens,0:1,2:2
14/08/18 21:49,VFL Copenhagen  -  VFL Brussels,1:0,1:1
14/08/18 21:49,VFL Lisbon  -  VFL London,1:1,2:1
14/08/18 21:49,VFL Vienna  -  VFL Oslo,0:1,0:1
14/08/18 21:49,VFL Amsterdam  -  VFL Bern,2:0,4:0
14/08/18 21:49,VFL Ankara  -  VFL Madrid,0:1,2:1
14/08/18 17:15,VFL London  -  VFL Rome,3:1,3:1
14/08/18 17:15,VFL Athens  -  VFL Bern,1:0,2:0
14/08/18 17:15,VFL Stockholm  -  VFL Ankara,0:0,0:2
14/08/18 17:15,VFL Lisbon  -  VFL Vienna,2:0,2:0
14/08/18 17:15,VFL Copenhagen  -  VFL Amsterdam,0:1,0:1
14/08/18 17:15,VFL Berlin  -  VFL Brussels,0:0,1:0
14/08/18 17:15,VFL Edinburgh  -  VFL Paris,1:3,3:3
14/08/18 17:15,VFL Oslo  -  VFL Madrid,3:1,4:1
14/08/18 17:20,VFL Paris  -  VFL London,1:0,1:1
14/08/18 17:20,VFL Bern  -  VFL Lisbon,0:1,0:2
14/08/18 17:20,VFL Amsterdam  -  VFL Oslo,2:0,2:0
14/08/18 17:20,VFL Vienna  -  VFL Copenhagen,0:0,0:0
14/08/18 17:20,VFL Madrid  -  VFL Edinburgh,0:1,0:2
14/08/18 17:20,VFL Rome  -  VFL Stockholm,3:0,5:1
14/08/18 17:20,VFL Ankara  -  VFL Berlin,0:1,1:2
14/08/18 17:20,VFL Brussels  -  VFL Athens,1:0,1:0
14/08/18 17:24,VFL Stockholm  -  VFL Paris,0:2,1:3
14/08/18 17:24,VFL Oslo  -  VFL Vienna,1:0,2:0
14/08/18 17:24,VFL Copenhagen  -  VFL Bern,0:0,0:0
14/08/18 17:24,VFL Berlin  -  VFL Rome,0:0,0:1
14/08/18 17:24,VFL Lisbon  -  VFL Athens,1:0,1:1
14/08/18 17:24,VFL London  -  VFL Madrid,2:0,2:3
14/08/18 17:24,VFL Edinburgh  -  VFL Amsterdam,0:0,2:1
14/08/18 17:24,VFL Ankara  -  VFL Brussels,1:0,2:1
14/08/18 17:29,VFL Bern  -  VFL Oslo,0:2,0:3
14/08/18 17:29,VFL Amsterdam  -  VFL London,0:0,1:0
14/08/18 17:29,VFL Rome  -  VFL Ankara,1:1,2:1
14/08/18 17:29,VFL Madrid  -  VFL Stockholm,0:0,0:1
14/08/18 17:29,VFL Vienna  -  VFL Edinburgh,0:0,1:0
14/08/18 17:29,VFL Athens  -  VFL Copenhagen,1:0,2:0
14/08/18 17:29,VFL Paris  -  VFL Berlin,2:0,2:1
14/08/18 17:29,VFL Brussels  -  VFL Lisbon,2:0,2:0
14/08/18 17:33,VFL London  -  VFL Vienna,2:0,5:1
14/08/18 17:33,VFL Copenhagen  -  VFL Lisbon,0:1,0:1
14/08/18 17:33,VFL Rome  -  VFL Brussels,1:0,3:0
14/08/18 17:33,VFL Ankara  -  VFL Paris,1:1,2:1
14/08/18 17:33,VFL Stockholm  -  VFL Amsterdam,0:2,0:2
14/08/18 17:33,VFL Oslo  -  VFL Athens,2:0,2:1
14/08/18 17:33,VFL Berlin  -  VFL Madrid,0:1,3:1
14/08/18 17:33,VFL Edinburgh  -  VFL Bern,0:0,1:1
14/08/18 17:38,VFL Lisbon  -  VFL Oslo,2:2,2:4
14/08/18 17:38,VFL Brussels  -  VFL Copenhagen,1:1,2:1
14/08/18 17:38,VFL Madrid  -  VFL Ankara,3:0,4:1
14/08/18 17:38,VFL Vienna  -  VFL Stockholm,0:1,1:1
14/08/18 17:38,VFL Athens  -  VFL Edinburgh,0:1,2:1
14/08/18 17:38,VFL Amsterdam  -  VFL Berlin,0:0,0:1
14/08/18 17:38,VFL Paris  -  VFL Rome,0:2,0:3
14/08/18 17:38,VFL Bern  -  VFL London,0:4,1:5
14/08/18 17:43,VFL Berlin  -  VFL Vienna,4:0,6:0
14/08/18 17:43,VFL Ankara  -  VFL Amsterdam,0:2,0:2
14/08/18 17:43,VFL Stockholm  -  VFL Bern,1:0,2:1
14/08/18 17:43,VFL Paris  -  VFL Brussels,0:1,0:3
14/08/18 17:43,VFL Oslo  -  VFL Copenhagen,2:0,6:0
14/08/18 17:43,VFL Rome  -  VFL Madrid,0:1,1:3
14/08/18 17:43,VFL Edinburgh  -  VFL Lisbon,1:1,3:1
14/08/18 17:43,VFL London  -  VFL Athens,0:0,0:1
14/08/18 17:47,VFL Amsterdam  -  VFL Rome,1:0,2:0
14/08/18 17:47,VFL Copenhagen  -  VFL Edinburgh,1:1,2:2
14/08/18 17:47,VFL Brussels  -  VFL Oslo,0:1,1:2
14/08/18 17:47,VFL Lisbon  -  VFL London,0:1,0:3
14/08/18 17:47,VFL Madrid  -  VFL Paris,1:0,1:1
14/08/18 17:47,VFL Vienna  -  VFL Ankara,0:0,0:1
14/08/18 17:47,VFL Athens  -  VFL Stockholm,1:1,3:1
14/08/18 17:47,VFL Bern  -  VFL Berlin,0:2,0:4
14/08/18 17:52,VFL London  -  VFL Copenhagen,2:0,2:0
14/08/18 17:52,VFL Ankara  -  VFL Bern,0:0,0:0
14/08/18 17:52,VFL Paris  -  VFL Amsterdam,1:2,3:3
14/08/18 17:52,VFL Berlin  -  VFL Athens,1:1,2:2
14/08/18 17:52,VFL Madrid  -  VFL Brussels,1:0,1:0
14/08/18 17:52,VFL Rome  -  VFL Vienna,1:0,1:2
14/08/18 17:52,VFL Stockholm  -  VFL Lisbon,1:0,3:1
14/08/18 17:52,VFL Edinburgh  -  VFL Oslo,0:1,0:2
14/08/18 17:56,VFL Amsterdam  -  VFL Madrid,1:0,1:1
14/08/18 17:56,VFL Bern  -  VFL Rome,0:0,0:0
14/08/18 17:56,VFL Oslo  -  VFL London,1:0,1:0
14/08/18 17:56,VFL Vienna  -  VFL Paris,1:0,1:1
14/08/18 17:56,VFL Lisbon  -  VFL Berlin,1:1,2:3
14/08/18 17:56,VFL Athens  -  VFL Ankara,2:0,2:0
14/08/18 17:56,VFL Copenhagen  -  VFL Stockholm,1:1,1:2
14/08/18 17:56,VFL Brussels  -  VFL Edinburgh,1:0,3:0
14/08/18 18:01,VFL London  -  VFL Edinburgh,1:0,2:0
14/08/18 18:01,VFL Stockholm  -  VFL Oslo,0:2,1:4
14/08/18 18:01,VFL Ankara  -  VFL Lisbon,3:1,4:2
14/08/18 18:01,VFL Berlin  -  VFL Copenhagen,3:0,3:0
14/08/18 18:01,VFL Amsterdam  -  VFL Brussels,0:0,1:1
14/08/18 18:01,VFL Rome  -  VFL Athens,1:1,2:1
14/08/18 18:01,VFL Madrid  -  VFL Vienna,0:0,1:2
14/08/18 18:01,VFL Paris  -  VFL Bern,0:0,0:0
14/08/18 18:05,VFL Athens  -  VFL Paris,0:1,1:1
14/08/18 18:05,VFL Bern  -  VFL Madrid,0:2,0:3
14/08/18 18:05,VFL Edinburgh  -  VFL Stockholm,2:0,2:1
14/08/18 18:05,VFL Vienna  -  VFL Amsterdam,0:0,0:0
14/08/18 18:05,VFL Oslo  -  VFL Berlin,0:1,1:3
14/08/18 18:05,VFL Brussels  -  VFL London,0:1,0:2
14/08/18 18:05,VFL Copenhagen  -  VFL Ankara,1:0,2:1
14/08/18 18:05,VFL Lisbon  -  VFL Rome,1:0,1:1
14/08/18 18:10,VFL Amsterdam  -  VFL Bern,2:1,3:1
14/08/18 18:10,VFL Vienna  -  VFL Brussels,0:0,2:0
14/08/18 18:10,VFL Rome  -  VFL Copenhagen,0:0,0:0
14/08/18 18:10,VFL Stockholm  -  VFL London,1:0,1:2
14/08/18 18:10,VFL Paris  -  VFL Lisbon,1:0,1:0
14/08/18 18:10,VFL Berlin  -  VFL Edinburgh,1:1,2:2
14/08/18 18:10,VFL Madrid  -  VFL Athens,0:1,1:1
14/08/18 18:10,VFL Ankara  -  VFL Oslo,0:1,0:1
14/08/18 18:15,VFL Athens  -  VFL Amsterdam,0:0,3:0
14/08/18 18:15,VFL Lisbon  -  VFL Madrid,0:1,1:3
14/08/18 18:15,VFL Bern  -  VFL Vienna,1:0,2:0
14/08/18 18:15,VFL London  -  VFL Berlin,1:0,1:1
14/08/18 18:15,VFL Brussels  -  VFL Stockholm,1:1,1:2
14/08/18 18:15,VFL Copenhagen  -  VFL Paris,1:0,1:1
14/08/18 18:15,VFL Oslo  -  VFL Rome,0:0,1:0
14/08/18 18:15,VFL Edinburgh  -  VFL Ankara,0:0,0:0
14/08/18 18:19,VFL Berlin  -  VFL Stockholm,1:0,3:1
14/08/18 18:19,VFL Vienna  -  VFL Athens,0:0,1:0
14/08/18 18:19,VFL Ankara  -  VFL London,1:0,1:0
14/08/18 18:19,VFL Rome  -  VFL Edinburgh,2:1,2:3
14/08/18 18:19,VFL Madrid  -  VFL Copenhagen,0:1,0:1
14/08/18 18:19,VFL Bern  -  VFL Brussels,0:0,0:1
14/08/18 18:19,VFL Paris  -  VFL Oslo,3:0,6:1
14/08/18 18:19,VFL Amsterdam  -  VFL Lisbon,1:1,1:1
14/08/18 18:24,VFL Brussels  -  VFL Berlin,1:1,1:1
14/08/18 18:24,VFL Madrid  -  VFL Oslo,1:0,1:0
14/08/18 18:24,VFL Amsterdam  -  VFL Copenhagen,0:0,0:2
14/08/18 18:24,VFL Paris  -  VFL Edinburgh,0:1,3:1
14/08/18 18:24,VFL Vienna  -  VFL Lisbon,1:1,2:1
14/08/18 18:24,VFL Rome  -  VFL London,0:0,2:0
14/08/18 18:24,VFL Ankara  -  VFL Stockholm,0:1,1:1
14/08/18 18:24,VFL Bern  -  VFL Athens,1:0,2:1
14/08/18 18:28,VFL Oslo  -  VFL Amsterdam,0:0,0:1
14/08/18 18:28,VFL Edinburgh  -  VFL Madrid,0:2,1:4
14/08/18 18:28,VFL London  -  VFL Paris,0:3,3:3
14/08/18 18:28,VFL Athens  -  VFL Brussels,1:0,1:1
14/08/18 18:28,VFL Copenhagen  -  VFL Vienna,0:0,0:0
14/08/18 18:28,VFL Lisbon  -  VFL Bern,0:0,0:0
14/08/18 18:28,VFL Berlin  -  VFL Ankara,0:1,1:1
14/08/18 18:28,VFL Stockholm  -  VFL Rome,1:0,1:0
14/08/18 18:33,VFL Amsterdam  -  VFL Edinburgh,0:2,0:2
14/08/18 18:33,VFL Paris  -  VFL Stockholm,0:0,1:1
14/08/18 18:33,VFL Brussels  -  VFL Ankara,3:0,3:0
14/08/18 18:33,VFL Vienna  -  VFL Oslo,1:2,2:2
14/08/18 18:33,VFL Madrid  -  VFL London,0:0,0:1
14/08/18 18:33,VFL Athens  -  VFL Lisbon,1:1,1:3
14/08/18 18:33,VFL Rome  -  VFL Berlin,0:1,0:2
14/08/18 18:33,VFL Bern  -  VFL Copenhagen,2:0,2:0
14/08/18 18:38,VFL Edinburgh  -  VFL Vienna,0:0,1:0
14/08/18 18:38,VFL Stockholm  -  VFL Madrid,2:2,3:2
14/08/18 18:38,VFL Berlin  -  VFL Paris,0:2,1:2
14/08/18 18:38,VFL Oslo  -  VFL Bern,2:0,2:1
14/08/18 18:38,VFL Ankara  -  VFL Rome,2:1,2:2
14/08/18 18:38,VFL London  -  VFL Amsterdam,0:1,2:1
14/08/18 18:38,VFL Copenhagen  -  VFL Athens,0:1,0:2
14/08/18 18:38,VFL Lisbon  -  VFL Brussels,0:0,0:1
14/08/18 18:42,VFL Brussels  -  VFL Rome,1:0,1:0
14/08/18 18:42,VFL Paris  -  VFL Ankara,3:1,4:3
14/08/18 18:42,VFL Lisbon  -  VFL Copenhagen,0:0,1:0
14/08/18 18:42,VFL Madrid  -  VFL Berlin,0:0,2:2
14/08/18 18:42,VFL Vienna  -  VFL London,1:0,1:0
14/08/18 18:42,VFL Amsterdam  -  VFL Stockholm,1:0,2:0
14/08/18 18:42,VFL Athens  -  VFL Oslo,1:2,1:3
14/08/18 18:42,VFL Bern  -  VFL Edinburgh,2:1,2:2
14/08/18 18:47,VFL Stockholm  -  VFL Vienna,1:0,2:0
14/08/18 18:47,VFL Edinburgh  -  VFL Athens,0:1,0:1
14/08/18 18:47,VFL London  -  VFL Bern,1:0,2:0
14/08/18 18:47,VFL Rome  -  VFL Paris,0:0,1:0
14/08/18 18:47,VFL Ankara  -  VFL Madrid,1:1,1:1
14/08/18 18:47,VFL Oslo  -  VFL Lisbon,0:0,0:1
14/08/18 18:47,VFL Berlin  -  VFL Amsterdam,0:0,0:0
14/08/18 18:47,VFL Copenhagen  -  VFL Brussels,1:1,2:2
14/08/18 18:51,VFL Brussels  -  VFL Paris,0:0,0:0
14/08/18 18:51,VFL Vienna  -  VFL Berlin,0:0,0:0
14/08/18 18:51,VFL Amsterdam  -  VFL Ankara,2:0,3:0
14/08/18 18:51,VFL Athens  -  VFL London,0:1,0:1
14/08/18 18:51,VFL Copenhagen  -  VFL Oslo,1:0,1:0
14/08/18 18:51,VFL Madrid  -  VFL Rome,1:0,2:1
14/08/18 18:51,VFL Bern  -  VFL Stockholm,0:1,0:2
14/08/18 18:51,VFL Lisbon  -  VFL Edinburgh,0:1,2:2
14/08/18 18:56,VFL Stockholm  -  VFL Athens,2:1,3:2
14/08/18 18:56,VFL Paris  -  VFL Madrid,0:1,0:1
14/08/18 18:56,VFL London  -  VFL Lisbon,1:0,2:1
14/08/18 18:56,VFL Oslo  -  VFL Brussels,3:0,5:0
14/08/18 18:56,VFL Berlin  -  VFL Bern,1:0,2:0
14/08/18 18:56,VFL Ankara  -  VFL Vienna,1:1,1:3
14/08/18 18:56,VFL Edinburgh  -  VFL Copenhagen,1:0,1:1
14/08/18 18:56,VFL Rome  -  VFL Amsterdam,1:2,1:3
14/08/18 19:00,VFL Amsterdam  -  VFL Paris,1:0,2:1
14/08/18 19:00,VFL Oslo  -  VFL Edinburgh,2:1,5:1
14/08/18 19:00,VFL Athens  -  VFL Berlin,0:1,0:2
14/08/18 19:00,VFL Bern  -  VFL Ankara,0:1,0:1
14/08/18 19:00,VFL Brussels  -  VFL Madrid,0:1,0:1
14/08/18 19:00,VFL Lisbon  -  VFL Stockholm,2:0,2:1
14/08/18 19:00,VFL Copenhagen  -  VFL London,2:1,3:3
14/08/18 19:00,VFL Vienna  -  VFL Rome,0:1,0:2
14/08/18 19:05,VFL Edinburgh  -  VFL Brussels,0:0,0:1
14/08/18 19:05,VFL London  -  VFL Oslo,2:1,4:3
14/08/18 19:05,VFL Ankara  -  VFL Athens,1:0,2:0
14/08/18 19:05,VFL Stockholm  -  VFL Copenhagen,1:0,2:0
14/08/18 19:05,VFL Rome  -  VFL Bern,1:0,4:0
14/08/18 19:05,VFL Berlin  -  VFL Lisbon,1:0,1:0
14/08/18 19:05,VFL Madrid  -  VFL Amsterdam,2:0,5:0
14/08/18 19:05,VFL Paris  -  VFL Vienna,1:0,2:0
14/08/18 19:10,VFL Edinburgh  -  VFL London,1:1,2:2
14/08/18 19:10,VFL Bern  -  VFL Paris,0:3,3:3
14/08/18 19:10,VFL Brussels  -  VFL Amsterdam,1:2,1:2
14/08/18 19:10,VFL Copenhagen  -  VFL Berlin,0:2,1:2
14/08/18 19:10,VFL Vienna  -  VFL Madrid,0:4,0:6
14/08/18 19:10,VFL Oslo  -  VFL Stockholm,0:0,0:1
14/08/18 19:10,VFL Athens  -  VFL Rome,1:1,1:3
14/08/18 19:10,VFL Lisbon  -  VFL Ankara,1:1,1:1
14/08/18 19:14,VFL London  -  VFL Brussels,2:0,3:1
14/08/18 19:14,VFL Berlin  -  VFL Oslo,0:0,0:1
14/08/18 19:14,VFL Paris  -  VFL Athens,2:1,4:1
14/08/18 19:14,VFL Amsterdam  -  VFL Vienna,0:1,1:1
14/08/18 19:14,VFL Rome  -  VFL Lisbon,1:0,2:1
14/08/18 19:14,VFL Ankara  -  VFL Copenhagen,0:0,2:1
14/08/18 19:14,VFL Madrid  -  VFL Bern,0:1,0:3
14/08/18 19:14,VFL Stockholm  -  VFL Edinburgh,0:2,1:3
14/08/18 19:19,VFL Athens  -  VFL Madrid,1:1,1:4
14/08/18 19:19,VFL Copenhagen  -  VFL Rome,0:0,1:0
14/08/18 19:19,VFL Oslo  -  VFL Ankara,1:0,1:1
14/08/18 19:19,VFL Lisbon  -  VFL Paris,0:0,1:0
14/08/18 19:19,VFL Bern  -  VFL Amsterdam,0:0,1:0
14/08/18 19:19,VFL Edinburgh  -  VFL Berlin,1:2,3:3
14/08/18 19:19,VFL London  -  VFL Stockholm,0:0,1:0
14/08/18 19:19,VFL Brussels  -  VFL Vienna,1:0,1:0
14/08/18 19:23,VFL Stockholm  -  VFL Brussels,1:1,1:1
14/08/18 19:23,VFL Amsterdam  -  VFL Athens,1:0,3:0
14/08/18 19:23,VFL Paris  -  VFL Copenhagen,2:1,3:2
14/08/18 19:23,VFL Berlin  -  VFL London,1:0,1:0
14/08/18 19:23,VFL Rome  -  VFL Oslo,0:0,2:0
14/08/18 19:23,VFL Vienna  -  VFL Bern,0:0,0:0
14/08/18 19:23,VFL Madrid  -  VFL Lisbon,1:0,1:0
14/08/18 19:23,VFL Ankara  -  VFL Edinburgh,0:0,2:0
14/08/18 19:28,VFL Stockholm  -  VFL Berlin,0:0,1:0
14/08/18 19:28,VFL Brussels  -  VFL Bern,0:0,0:0
14/08/18 19:28,VFL Lisbon  -  VFL Amsterdam,1:0,2:0
14/08/18 19:28,VFL Oslo  -  VFL Paris,1:1,2:2
14/08/18 19:28,VFL Copenhagen  -  VFL Madrid,0:1,0:2
14/08/18 19:28,VFL Edinburgh  -  VFL Rome,1:1,2:1
14/08/18 19:28,VFL Athens  -  VFL Vienna,0:0,1:0
14/08/18 19:28,VFL London  -  VFL Ankara,1:0,1:0
14/08/18 14:54,VFL London  -  VFL Oslo,2:0,3:0
14/08/18 14:54,VFL Stockholm  -  VFL Vienna,1:0,2:2
14/08/18 14:54,VFL Berlin  -  VFL Lisbon,3:1,4:1
14/08/18 14:54,VFL Athens  -  VFL Rome,4:0,4:2
14/08/18 14:54,VFL Brussels  -  VFL Amsterdam,1:2,2:2
14/08/18 14:54,VFL Ankara  -  VFL Madrid,0:0,0:1
14/08/18 14:54,VFL Bern  -  VFL Edinburgh,1:1,1:1
14/08/18 14:54,VFL Paris  -  VFL Copenhagen,1:0,2:1
14/08/18 14:59,VFL Edinburgh  -  VFL London,1:1,1:1
14/08/18 14:59,VFL Copenhagen  -  VFL Bern,0:1,2:2
14/08/18 14:59,VFL Rome  -  VFL Ankara,1:0,1:0
14/08/18 14:59,VFL Lisbon  -  VFL Stockholm,1:0,1:0
14/08/18 14:59,VFL Vienna  -  VFL Paris,1:1,2:1
14/08/18 14:59,VFL Amsterdam  -  VFL Berlin,3:1,4:2
14/08/18 14:59,VFL Oslo  -  VFL Athens,1:0,2:0
14/08/18 14:59,VFL Madrid  -  VFL Brussels,0:0,1:0
14/08/18 15:03,VFL Brussels  -  VFL Rome,0:1,0:2
14/08/18 15:03,VFL Athens  -  VFL Edinburgh,0:2,1:2
14/08/18 15:03,VFL Bern  -  VFL Vienna,0:0,0:0
14/08/18 15:03,VFL Paris  -  VFL Lisbon,1:0,1:1
14/08/18 15:03,VFL Madrid  -  VFL Amsterdam,1:1,3:2
14/08/18 15:03,VFL Stockholm  -  VFL Berlin,0:0,1:0
14/08/18 15:03,VFL London  -  VFL Copenhagen,0:0,2:0
14/08/18 15:03,VFL Ankara  -  VFL Oslo,0:2,1:2
14/08/18 15:08,VFL Edinburgh  -  VFL Ankara,0:0,1:0
14/08/18 15:08,VFL Amsterdam  -  VFL Stockholm,1:0,1:0
14/08/18 15:08,VFL Rome  -  VFL Madrid,0:2,3:2
14/08/18 15:08,VFL Vienna  -  VFL London,1:1,1:4
14/08/18 15:08,VFL Copenhagen  -  VFL Athens,0:1,0:1
14/08/18 15:08,VFL Oslo  -  VFL Brussels,0:0,2:1
14/08/18 15:08,VFL Berlin  -  VFL Paris,0:1,0:2
14/08/18 15:08,VFL Lisbon  -  VFL Bern,0:0,1:0
14/08/18 15:12,VFL Rome  -  VFL Amsterdam,0:0,0:0
14/08/18 15:12,VFL Bern  -  VFL Berlin,0:1,0:1
14/08/18 15:12,VFL London  -  VFL Lisbon,0:1,1:1
14/08/18 15:12,VFL Paris  -  VFL Stockholm,4:1,4:2
14/08/18 15:12,VFL Ankara  -  VFL Copenhagen,1:1,1:2
14/08/18 15:12,VFL Madrid  -  VFL Oslo,1:2,2:2
14/08/18 15:12,VFL Brussels  -  VFL Edinburgh,0:0,1:0
14/08/18 15:12,VFL Athens  -  VFL Vienna,0:1,2:2
14/08/18 15:17,VFL Copenhagen  -  VFL Brussels,1:0,1:0
14/08/18 15:17,VFL Berlin  -  VFL London,1:0,2:0
14/08/18 15:17,VFL Edinburgh  -  VFL Madrid,0:0,1:1
14/08/18 15:17,VFL Stockholm  -  VFL Bern,0:1,1:1
14/08/18 15:17,VFL Vienna  -  VFL Ankara,1:0,3:1
14/08/18 15:17,VFL Lisbon  -  VFL Athens,0:0,2:0
14/08/18 15:17,VFL Amsterdam  -  VFL Paris,0:0,2:0
14/08/18 15:17,VFL Oslo  -  VFL Rome,0:0,2:0
14/08/18 15:22,VFL Bern  -  VFL Paris,0:1,1:2
14/08/18 15:22,VFL Ankara  -  VFL Lisbon,0:2,1:2
14/08/18 15:22,VFL Athens  -  VFL Berlin,0:2,1:3
14/08/18 15:22,VFL Madrid  -  VFL Copenhagen,1:0,2:0
14/08/18 15:22,VFL Rome  -  VFL Edinburgh,3:1,6:1
14/08/18 15:22,VFL Oslo  -  VFL Amsterdam,2:0,3:2
14/08/18 15:22,VFL London  -  VFL Stockholm,0:0,1:1
14/08/18 15:22,VFL Brussels  -  VFL Vienna,1:0,2:0
14/08/18 15:26,VFL Lisbon  -  VFL Brussels,1:0,2:0
14/08/18 15:26,VFL Paris  -  VFL London,1:0,2:0
14/08/18 15:26,VFL Amsterdam  -  VFL Bern,1:0,2:0
14/08/18 15:26,VFL Stockholm  -  VFL Athens,3:0,3:3
14/08/18 15:26,VFL Edinburgh  -  VFL Oslo,1:2,2:2
14/08/18 15:26,VFL Vienna  -  VFL Madrid,1:2,1:2
14/08/18 15:26,VFL Berlin  -  VFL Ankara,0:0,2:0
14/08/18 15:26,VFL Copenhagen  -  VFL Rome,2:0,3:0
14/08/18 15:31,VFL Edinburgh  -  VFL Amsterdam,0:2,1:5
14/08/18 15:31,VFL London  -  VFL Bern,1:0,3:0
14/08/18 15:31,VFL Oslo  -  VFL Copenhagen,0:0,1:0
14/08/18 15:31,VFL Ankara  -  VFL Stockholm,1:0,2:0
14/08/18 15:31,VFL Athens  -  VFL Paris,0:0,0:0
14/08/18 15:31,VFL Brussels  -  VFL Berlin,1:1,4:1
14/08/18 15:31,VFL Madrid  -  VFL Lisbon,0:0,1:0
14/08/18 15:31,VFL Rome  -  VFL Vienna,1:1,2:1
14/08/18 15:35,VFL Paris  -  VFL Ankara,3:1,4:1
14/08/18 15:35,VFL Berlin  -  VFL Madrid,1:2,4:2
14/08/18 15:35,VFL Amsterdam  -  VFL London,1:1,1:1
14/08/18 15:35,VFL Bern  -  VFL Athens,1:0,2:0
14/08/18 15:35,VFL Stockholm  -  VFL Brussels,1:0,4:1
14/08/18 15:35,VFL Copenhagen  -  VFL Edinburgh,1:0,3:0
14/08/18 15:35,VFL Vienna  -  VFL Oslo,1:1,2:1
14/08/18 15:35,VFL Lisbon  -  VFL Rome,4:0,4:0
14/08/18 15:40,VFL Rome  -  VFL Berlin,3:1,3:2
14/08/18 15:40,VFL Athens  -  VFL London,1:1,1:1
14/08/18 15:40,VFL Ankara  -  VFL Bern,0:0,2:0
14/08/18 15:40,VFL Copenhagen  -  VFL Amsterdam,0:1,0:3
14/08/18 15:40,VFL Edinburgh  -  VFL Vienna,0:0,0:0
14/08/18 15:40,VFL Madrid  -  VFL Stockholm,1:0,3:2
14/08/18 15:40,VFL Brussels  -  VFL Paris,1:0,1:1
14/08/18 15:40,VFL Oslo  -  VFL Lisbon,0:1,0:1
14/08/18 15:44,VFL Berlin  -  VFL Oslo,0:1,1:1
14/08/18 15:44,VFL Lisbon  -  VFL Edinburgh,0:0,1:0
14/08/18 15:44,VFL Amsterdam  -  VFL Athens,2:0,2:0
14/08/18 15:44,VFL Paris  -  VFL Madrid,0:0,1:0
14/08/18 15:44,VFL Stockholm  -  VFL Rome,1:1,1:2
14/08/18 15:44,VFL London  -  VFL Ankara,0:0,1:0
14/08/18 15:44,VFL Bern  -  VFL Brussels,1:0,1:0
14/08/18 15:44,VFL Vienna  -  VFL Copenhagen,1:0,1:1
14/08/18 15:49,VFL Edinburgh  -  VFL Berlin,0:0,1:0
14/08/18 15:49,VFL Ankara  -  VFL Athens,2:1,2:2
14/08/18 15:49,VFL Madrid  -  VFL Bern,2:0,4:0
14/08/18 15:49,VFL Copenhagen  -  VFL Lisbon,0:2,1:3
14/08/18 15:49,VFL Oslo  -  VFL Stockholm,0:0,2:0
14/08/18 15:49,VFL Brussels  -  VFL London,1:1,2:1
14/08/18 15:49,VFL Rome  -  VFL Paris,3:1,4:2
14/08/18 15:49,VFL Vienna  -  VFL Amsterdam,1:0,1:0
14/08/18 15:54,VFL Lisbon  -  VFL Vienna,0:0,1:0
14/08/18 15:54,VFL Berlin  -  VFL Copenhagen,0:0,1:0
14/08/18 15:54,VFL Paris  -  VFL Oslo,0:0,0:2
14/08/18 15:54,VFL Bern  -  VFL Rome,1:0,1:2
14/08/18 15:54,VFL London  -  VFL Madrid,1:0,2:0
14/08/18 15:54,VFL Stockholm  -  VFL Edinburgh,1:0,1:0
14/08/18 15:54,VFL Amsterdam  -  VFL Ankara,2:1,2:2
14/08/18 15:54,VFL Athens  -  VFL Brussels,0:1,1:2
14/08/18 15:58,VFL Oslo  -  VFL Bern,0:1,2:1
14/08/18 15:58,VFL Copenhagen  -  VFL Stockholm,0:0,0:0
14/08/18 15:58,VFL Vienna  -  VFL Berlin,0:0,3:1
14/08/18 15:58,VFL Rome  -  VFL London,0:0,1:1
14/08/18 15:58,VFL Edinburgh  -  VFL Paris,1:0,1:1
14/08/18 15:58,VFL Madrid  -  VFL Athens,3:0,5:0
14/08/18 15:58,VFL Brussels  -  VFL Ankara,0:0,1:0
14/08/18 15:58,VFL Lisbon  -  VFL Amsterdam,0:0,0:1
14/08/18 16:03,VFL Amsterdam  -  VFL Brussels,1:0,2:0
14/08/18 16:03,VFL Oslo  -  VFL London,2:1,3:2
14/08/18 16:03,VFL Rome  -  VFL Athens,0:0,0:1
14/08/18 16:03,VFL Madrid  -  VFL Ankara,4:0,6:0
14/08/18 16:03,VFL Edinburgh  -  VFL Bern,1:0,2:0
14/08/18 16:03,VFL Copenhagen  -  VFL Paris,1:0,1:0
14/08/18 16:03,VFL Lisbon  -  VFL Berlin,1:0,1:0
14/08/18 16:03,VFL Vienna  -  VFL Stockholm,0:2,0:4
14/08/18 16:07,VFL Athens  -  VFL Oslo,2:1,3:3
14/08/18 16:07,VFL Brussels  -  VFL Madrid,0:0,0:1
14/08/18 16:07,VFL Stockholm  -  VFL Lisbon,0:1,1:1
14/08/18 16:07,VFL Ankara  -  VFL Rome,0:0,1:0
14/08/18 16:07,VFL Bern  -  VFL Copenhagen,0:2,0:2
14/08/18 16:07,VFL London  -  VFL Edinburgh,2:0,3:0
14/08/18 16:07,VFL Paris  -  VFL Vienna,3:1,3:1
14/08/18 16:07,VFL Berlin  -  VFL Amsterdam,0:0,1:0
14/08/18 16:12,VFL Lisbon  -  VFL Paris,0:0,1:1
14/08/18 16:12,VFL Edinburgh  -  VFL Athens,0:0,0:1
14/08/18 16:12,VFL Oslo  -  VFL Ankara,2:0,2:0
14/08/18 16:12,VFL Copenhagen  -  VFL London,0:1,0:1
14/08/18 16:12,VFL Rome  -  VFL Brussels,0:0,1:0
14/08/18 16:12,VFL Amsterdam  -  VFL Madrid,0:0,2:1
14/08/18 16:12,VFL Vienna  -  VFL Bern,0:1,0:1
14/08/18 16:12,VFL Berlin  -  VFL Stockholm,2:0,4:0
14/08/18 16:17,VFL Brussels  -  VFL Oslo,0:0,0:0
14/08/18 16:17,VFL Stockholm  -  VFL Amsterdam,0:0,0:1
14/08/18 16:17,VFL Paris  -  VFL Berlin,0:0,0:0
14/08/18 16:17,VFL Ankara  -  VFL Edinburgh,2:0,2:0
14/08/18 16:17,VFL Athens  -  VFL Copenhagen,1:0,1:0
14/08/18 16:17,VFL Madrid  -  VFL Rome,1:0,3:1
14/08/18 16:17,VFL London  -  VFL Vienna,1:0,1:0
14/08/18 16:17,VFL Bern  -  VFL Lisbon,0:0,1:0
14/08/18 16:21,VFL Edinburgh  -  VFL Brussels,0:2,2:3
14/08/18 16:21,VFL Stockholm  -  VFL Paris,1:1,3:1
14/08/18 16:21,VFL Oslo  -  VFL Madrid,0:0,0:0
14/08/18 16:21,VFL Vienna  -  VFL Athens,1:1,2:1
14/08/18 16:21,VFL Lisbon  -  VFL London,4:1,4:2
14/08/18 16:21,VFL Berlin  -  VFL Bern,0:1,1:2
14/08/18 16:21,VFL Copenhagen  -  VFL Ankara,1:0,2:0
14/08/18 16:21,VFL Amsterdam  -  VFL Rome,0:1,1:1
14/08/18 16:26,VFL Ankara  -  VFL Vienna,2:1,2:1
14/08/18 16:26,VFL Madrid  -  VFL Edinburgh,1:0,2:0
14/08/18 16:26,VFL Paris  -  VFL Amsterdam,0:2,0:3
14/08/18 16:26,VFL Athens  -  VFL Lisbon,2:0,2:2
14/08/18 16:26,VFL London  -  VFL Berlin,1:1,1:2
14/08/18 16:26,VFL Bern  -  VFL Stockholm,0:1,1:1
14/08/18 16:26,VFL Rome  -  VFL Oslo,0:0,1:0
14/08/18 16:26,VFL Brussels  -  VFL Copenhagen,0:0,0:0
14/08/18 16:30,VFL Paris  -  VFL Bern,1:0,1:1
14/08/18 16:30,VFL Edinburgh  -  VFL Rome,2:0,2:0
14/08/18 16:30,VFL Amsterdam  -  VFL Oslo,2:0,3:0
14/08/18 16:30,VFL Stockholm  -  VFL London,2:0,4:1
14/08/18 16:30,VFL Berlin  -  VFL Athens,2:1,4:1
14/08/18 16:30,VFL Vienna  -  VFL Brussels,0:1,0:2
14/08/18 16:30,VFL Lisbon  -  VFL Ankara,1:0,4:0
14/08/18 16:30,VFL Copenhagen  -  VFL Madrid,0:1,0:2
14/08/18 16:35,VFL Ankara  -  VFL Berlin,0:1,0:1
14/08/18 16:35,VFL Rome  -  VFL Copenhagen,0:0,0:2
14/08/18 16:35,VFL London  -  VFL Paris,3:1,3:4
14/08/18 16:35,VFL Brussels  -  VFL Lisbon,0:1,0:2
14/08/18 16:35,VFL Athens  -  VFL Stockholm,1:1,1:2
14/08/18 16:35,VFL Oslo  -  VFL Edinburgh,2:1,2:2
14/08/18 16:35,VFL Bern  -  VFL Amsterdam,0:3,0:4
14/08/18 16:35,VFL Madrid  -  VFL Vienna,1:0,1:1
14/08/18 16:39,VFL Stockholm  -  VFL Ankara,2:2,3:2
14/08/18 16:39,VFL Vienna  -  VFL Rome,0:1,0:2
14/08/18 16:39,VFL Berlin  -  VFL Brussels,1:0,3:0
14/08/18 16:39,VFL Lisbon  -  VFL Madrid,1:0,1:2
14/08/18 16:39,VFL Copenhagen  -  VFL Oslo,0:1,0:2
14/08/18 16:39,VFL Paris  -  VFL Athens,0:1,1:2
14/08/18 16:39,VFL Bern  -  VFL London,0:0,0:0
14/08/18 16:39,VFL Amsterdam  -  VFL Edinburgh,1:1,2:2
14/08/18 16:44,VFL Athens  -  VFL Bern,3:0,5:0
14/08/18 16:44,VFL Edinburgh  -  VFL Copenhagen,0:0,2:0
14/08/18 16:44,VFL Brussels  -  VFL Stockholm,1:0,1:0
14/08/18 16:44,VFL Madrid  -  VFL Berlin,1:0,1:1
14/08/18 16:44,VFL Oslo  -  VFL Vienna,2:0,3:0
14/08/18 16:44,VFL Ankara  -  VFL Paris,2:2,3:3
14/08/18 16:44,VFL Rome  -  VFL Lisbon,2:1,3:1
14/08/18 16:44,VFL London  -  VFL Amsterdam,0:1,2:1
14/08/18 16:49,VFL Lisbon  -  VFL Oslo,1:2,2:3
14/08/18 16:49,VFL Vienna  -  VFL Edinburgh,0:0,0:2
14/08/18 16:49,VFL Stockholm  -  VFL Madrid,1:1,1:2
14/08/18 16:49,VFL Paris  -  VFL Brussels,0:1,1:1
14/08/18 16:49,VFL Berlin  -  VFL Rome,1:1,1:2
14/08/18 16:49,VFL Bern  -  VFL Ankara,0:1,0:3
14/08/18 16:49,VFL Amsterdam  -  VFL Copenhagen,2:0,2:0
14/08/18 16:49,VFL London  -  VFL Athens,2:0,3:0
14/08/18 16:53,VFL Madrid  -  VFL Paris,2:1,3:2
14/08/18 16:53,VFL Oslo  -  VFL Berlin,0:0,1:1
14/08/18 16:53,VFL Rome  -  VFL Stockholm,2:1,3:2
14/08/18 16:53,VFL Brussels  -  VFL Bern,1:1,1:1
14/08/18 16:53,VFL Copenhagen  -  VFL Vienna,1:0,2:1
14/08/18 16:53,VFL Ankara  -  VFL London,0:0,0:0
14/08/18 16:53,VFL Athens  -  VFL Amsterdam,1:2,2:2
14/08/18 16:53,VFL Edinburgh  -  VFL Lisbon,1:1,2:2
14/08/18 16:58,VFL Bern  -  VFL Madrid,2:0,2:1
14/08/18 16:58,VFL Stockholm  -  VFL Oslo,2:1,4:1
14/08/18 16:58,VFL Amsterdam  -  VFL Vienna,1:0,1:2
14/08/18 16:58,VFL Lisbon  -  VFL Copenhagen,0:0,1:1
14/08/18 16:58,VFL Paris  -  VFL Rome,1:1,2:2
14/08/18 16:58,VFL Athens  -  VFL Ankara,0:0,1:0
14/08/18 16:58,VFL Berlin  -  VFL Edinburgh,4:0,5:0
14/08/18 16:58,VFL London  -  VFL Brussels,0:0,1:0
14/08/18 17:02,VFL Ankara  -  VFL Amsterdam,0:2,0:2
14/08/18 17:02,VFL Copenhagen  -  VFL Berlin,0:1,0:2
14/08/18 17:02,VFL Oslo  -  VFL Paris,1:0,1:0
14/08/18 17:02,VFL Rome  -  VFL Bern,1:0,2:0
14/08/18 17:02,VFL Madrid  -  VFL London,1:1,1:2
14/08/18 17:02,VFL Edinburgh  -  VFL Stockholm,2:0,3:0
14/08/18 17:02,VFL Vienna  -  VFL Lisbon,2:1,3:2
14/08/18 17:02,VFL Brussels  -  VFL Athens,4:0,5:1
14/08/18 17:07,VFL Bern  -  VFL Oslo,2:0,2:1
14/08/18 17:07,VFL Amsterdam  -  VFL Lisbon,1:1,3:1
14/08/18 17:07,VFL Berlin  -  VFL Vienna,0:0,1:0
14/08/18 17:07,VFL Athens  -  VFL Madrid,0:1,0:2
14/08/18 17:07,VFL London  -  VFL Rome,0:1,2:1
14/08/18 17:07,VFL Ankara  -  VFL Brussels,0:1,0:2
14/08/18 17:07,VFL Stockholm  -  VFL Copenhagen,1:2,1:3
14/08/18 17:07,VFL Paris  -  VFL Edinburgh,1:0,1:2
